--
-- PostgreSQL database dump
--

-- Dumped from database version 16.9 (Ubuntu 16.9-0ubuntu0.24.04.1)
-- Dumped by pg_dump version 16.9 (Ubuntu 16.9-0ubuntu0.24.04.1)

SET statement_timeout = 0;
SET lock_timeout = 0;
SET idle_in_transaction_session_timeout = 0;
SET client_encoding = 'UTF8';
SET standard_conforming_strings = on;
SELECT pg_catalog.set_config('search_path', '', false);
SET check_function_bodies = false;
SET xmloption = content;
SET client_min_messages = warning;
SET row_security = off;

--
-- Data for Name: events; Type: TABLE DATA; Schema: public; Owner: -
--

COPY public.events (id, name, description, start_date, end_date, max_participants, price, access_token, access_type, map_link, booking_link, created_at, updated_at, image_url, pin, payment_status, pin_code) FROM stdin;
ba3b46bf-0e6e-45ae-a8c1-d2a1289af355	Demo událost - jedeme na hory	PIN PRO EDIT: 1111. Je to sandbox\nToto je testovací text pro událost na zimní pobyt na chatě. Připravujeme příjemný víkend plný sněhových radovánek, odpočinku a skvělé společnosti. Čekají vás aktivity jako lyžování, sáňkování, stavění sněhuláků či zimní turistika v krásném prostředí hor. Chata je vybavena krbem, který zajistí útulnou atmosféru po celý den. Večer se můžete těšit na společenské hry, posezení u teplého čaje nebo kakaa a relaxaci ve wellness zóně. Zajistíme rovněž chutnou domácí kuchyni. Tento text slouží výhradně pro testovací účely a nemá žádnou informační hodnotu o skutečné akci. Děkujeme za pochopení.	2025-12-24	2025-12-31	8	9586.00	THwjrZbQiPZrAXwfkaah	pin	https://maps.app.goo.gl/jJL6LqC4ceoNgedg6	https://www.booking.com/index.cs.html	2025-08-01 15:13:29.925788+02	2025-08-01 16:07:15.559444+02	https://domalenka.cz/uploads/userimages/19808/139091_chatawinterspamartinskehole-martin-martin-1.jpg	\N	paid	1111
dff612aa-f30c-4a1e-9110-01128161bbb4	Chata Polsko	Staň se členem oficiálního fanclubu Seattl podtácků CSSH pod pivko Přívěsek Seahawks z 3D tiskárny Flash disk CSSH (pouze pro členy kvalifikované do “The Game”) Los do letošní charitativní tomboly (lze přispět a dokoupit další) Celkem 3 ks našich nálepek…Staň se členem oficiálního fanclubu Seattl podtácků CSSH pod pivko Přívěsek Seahawks z 3D tiskárny Flash disk CSSH (pouze pro členy kvalifikované do “The Game”) Los do letošní charitativní tomboly (lze přispět a dokoupit další) Celkem 3 ks našich nálepek…Staň se členem oficiálního fanclubu Seattl podtácků CSSH pod pivko Přívěsek Seahawks z 3D tiskárny Flash disk CSSH (pouze pro členy kvalifikované do “The Game”) Los do letošní charitativní tomboly (lze přispět a dokoupit další) Celkem 3 ks našich nálepek…Staň se členem oficiálního fanclubu Seattl podtácků CSSH pod pivko Přívěsek Seahawks z 3D tiskárny Flash disk CSSH (pouze pro členy kvalifikované do “The Game”) Los do letošní charitativní tomboly (lze přispět a dokoupit další) Celkem 3 ks našich nálepek…Staň se členem oficiálního fanclubu Seattl podtácků CSSH pod pivko Přívěsek Seahawks z 3D tiskárny Flash disk CSSH (pouze pro členy kvalifikované do “The Game”) Los do letošní charitativní tomboly (lze přispět a dokoupit další) Celkem 3 ks našich nálepek…Staň se členem oficiálního fanclubu Seattl podtácků CSSH pod pivko Přívěsek Seahawks z 3D tiskárny Flash disk CSSH (pouze pro členy kvalifikované do “The Game”) Los do letošní charitativní tomboly (lze přispět a dokoupit další) Celkem 3 ks našich nálepek…	2025-11-14	2025-11-17	16	39847.00	Kj8mN2pQ9xR5vL7wY3hF	pin	https://maps.app.goo.gl/PwZQL1Eho6GH2j7A7	https://www.airbnb.co.uk/rooms/867299341690145283?check_in=2025-11-14&check_out=2025-11-17&guests=1&adults=14&s=67&unique_share_id=b75d74b5-bf81-47db-9602-6fd0af7a0b22	2025-07-24 22:56:34.489201+02	2025-08-01 14:31:41.979178+02	https://a0.muscache.com/im/pictures/miso/Hosting-867299341690145283/original/1212bc2b-22b0-4644-be9a-69ea0955ef72.jpeg?im_w=1200	778592586	paid	1922
\.


--
-- Data for Name: audit_logs; Type: TABLE DATA; Schema: public; Owner: -
--

COPY public.audit_logs (id, event_id, action, table_name, record_id, old_values, new_values, created_at) FROM stdin;
32bfbb14-3159-41ad-a699-d56c74c52c22	dff612aa-f30c-4a1e-9110-01128161bbb4	INSERT	participants	2c6bc385-a3c3-41eb-b2b4-caddd17b12ce	\N	{"id": "2c6bc385-a3c3-41eb-b2b4-caddd17b12ce", "name": "David Drexler", "email": "dawedrex@gmail.com", "notes": "Budu celou dobu", "phone": "+420722957388", "event_id": "dff612aa-f30c-4a1e-9110-01128161bbb4", "created_at": "2025-07-24T23:03:17.143405+02:00", "updated_at": "2025-07-24T23:03:17.143405+02:00", "dietary_restrictions": "Nemám"}	2025-07-24 23:03:17.143405+02
e001ca70-44a0-4bfc-b861-69894b07efd8	dff612aa-f30c-4a1e-9110-01128161bbb4	INSERT	transport	a398955b-a419-4ed1-9211-73820a8afce5	\N	{"id": "a398955b-a419-4ed1-9211-73820a8afce5", "type": "Dodávka Drek", "notes": null, "price": 2000.00, "capacity": 9, "event_id": "dff612aa-f30c-4a1e-9110-01128161bbb4", "created_at": "2025-07-24T23:03:57.817337+02:00", "updated_at": "2025-07-24T23:03:57.817337+02:00", "arrival_time": "2025-07-26T03:25:00+02:00", "departure_time": "2025-07-27T20:20:00+02:00", "arrival_location": "Chata", "departure_location": "Brno"}	2025-07-24 23:03:57.817337+02
eeb4c038-40ca-422c-9939-9ea104c79b5b	dff612aa-f30c-4a1e-9110-01128161bbb4	INSERT	participants	7692c755-ab1f-4279-8273-c7ff3e5b61c9	\N	{"id": "7692c755-ab1f-4279-8273-c7ff3e5b61c9", "name": "Schorňa", "email": null, "notes": null, "phone": null, "event_id": "dff612aa-f30c-4a1e-9110-01128161bbb4", "created_at": "2025-07-25T08:01:47.432947+02:00", "updated_at": "2025-07-25T08:01:47.432947+02:00", "dietary_restrictions": null}	2025-07-25 08:01:47.432947+02
cab6096d-7cf1-40b9-b926-60e02e85519e	dff612aa-f30c-4a1e-9110-01128161bbb4	INSERT	inventory_items	474e377e-231a-48a5-9ac0-2256864487e0	\N	{"id": "474e377e-231a-48a5-9ac0-2256864487e0", "name": "Reprák", "notes": null, "event_id": "dff612aa-f30c-4a1e-9110-01128161bbb4", "quantity": 1, "created_at": "2025-07-25T08:02:05.713377+02:00", "updated_at": "2025-07-25T08:02:05.713377+02:00", "assigned_to": "2c6bc385-a3c3-41eb-b2b4-caddd17b12ce", "description": null}	2025-07-25 08:02:05.713377+02
747f3acf-d3ad-4d0c-ab08-74bdd82e46dd	dff612aa-f30c-4a1e-9110-01128161bbb4	INSERT	participants	d652627a-6a1e-466c-be04-8413635c6e3e	\N	{"id": "d652627a-6a1e-466c-be04-8413635c6e3e", "name": "Staňa", "email": null, "notes": null, "phone": null, "event_id": "dff612aa-f30c-4a1e-9110-01128161bbb4", "created_at": "2025-07-25T08:02:59.234651+02:00", "updated_at": "2025-07-25T08:02:59.234651+02:00", "dietary_restrictions": null}	2025-07-25 08:02:59.234651+02
92ce0cfb-3418-46cf-96ba-ab3fdcb2ea5f	dff612aa-f30c-4a1e-9110-01128161bbb4	INSERT	participants	2c4ce503-aca9-48f1-b42f-bdc7921d0efa	\N	{"id": "2c4ce503-aca9-48f1-b42f-bdc7921d0efa", "name": "Lída", "email": null, "notes": null, "phone": null, "event_id": "dff612aa-f30c-4a1e-9110-01128161bbb4", "created_at": "2025-07-25T08:03:05.912077+02:00", "updated_at": "2025-07-25T08:03:05.912077+02:00", "dietary_restrictions": null}	2025-07-25 08:03:05.912077+02
053af696-2f32-4943-bf3c-0db0cbf9cda7	dff612aa-f30c-4a1e-9110-01128161bbb4	INSERT	participants	a9b7082a-462e-4d18-a00e-f05d2265fda7	\N	{"id": "a9b7082a-462e-4d18-a00e-f05d2265fda7", "name": "Simona", "email": null, "notes": null, "phone": null, "event_id": "dff612aa-f30c-4a1e-9110-01128161bbb4", "created_at": "2025-07-25T08:03:09.964805+02:00", "updated_at": "2025-07-25T08:03:09.964805+02:00", "dietary_restrictions": null}	2025-07-25 08:03:09.964805+02
ee0997ea-a2b3-4746-8c3f-856f3b3de297	dff612aa-f30c-4a1e-9110-01128161bbb4	INSERT	participants	93df8322-da8d-4da8-8f1f-d6cd5bad5439	\N	{"id": "93df8322-da8d-4da8-8f1f-d6cd5bad5439", "name": "Zapadáček", "email": null, "notes": null, "phone": null, "event_id": "dff612aa-f30c-4a1e-9110-01128161bbb4", "created_at": "2025-07-25T08:03:14.234362+02:00", "updated_at": "2025-07-25T08:03:14.234362+02:00", "dietary_restrictions": null}	2025-07-25 08:03:14.234362+02
36691ca5-3100-4f11-a075-7e020e1a9b82	dff612aa-f30c-4a1e-9110-01128161bbb4	INSERT	transport_assignments	7fea1ec1-eb18-4f66-a6cf-de7c325dafb7	\N	{"id": "7fea1ec1-eb18-4f66-a6cf-de7c325dafb7", "created_at": "2025-07-25T08:04:50.37118+02:00", "transport_id": "a398955b-a419-4ed1-9211-73820a8afce5", "participant_id": "a9b7082a-462e-4d18-a00e-f05d2265fda7"}	2025-07-25 08:04:50.37118+02
c08334ef-1f7a-49ce-bc35-d4985df43f79	dff612aa-f30c-4a1e-9110-01128161bbb4	INSERT	transport_assignments	63551a9d-08e1-4b70-a81f-4d718dc53027	\N	{"id": "63551a9d-08e1-4b70-a81f-4d718dc53027", "created_at": "2025-07-25T08:04:52.119881+02:00", "transport_id": "a398955b-a419-4ed1-9211-73820a8afce5", "participant_id": "2c6bc385-a3c3-41eb-b2b4-caddd17b12ce"}	2025-07-25 08:04:52.119881+02
109057b7-4684-4b5b-a9ca-3c3c75824462	dff612aa-f30c-4a1e-9110-01128161bbb4	INSERT	transport_assignments	9c869124-0937-4058-ac54-aa1cf5c4e645	\N	{"id": "9c869124-0937-4058-ac54-aa1cf5c4e645", "created_at": "2025-07-25T08:04:54.289332+02:00", "transport_id": "a398955b-a419-4ed1-9211-73820a8afce5", "participant_id": "d652627a-6a1e-466c-be04-8413635c6e3e"}	2025-07-25 08:04:54.289332+02
5315dbfe-6850-4fbd-b4a3-93f6916b9d8a	dff612aa-f30c-4a1e-9110-01128161bbb4	INSERT	transport_assignments	42d1df5b-df9e-48b5-8911-8a7ad4b95f9b	\N	{"id": "42d1df5b-df9e-48b5-8911-8a7ad4b95f9b", "created_at": "2025-07-25T08:04:56.158665+02:00", "transport_id": "a398955b-a419-4ed1-9211-73820a8afce5", "participant_id": "7692c755-ab1f-4279-8273-c7ff3e5b61c9"}	2025-07-25 08:04:56.158665+02
7d49582b-af67-4ef9-83ab-e0a76f4b5f8b	dff612aa-f30c-4a1e-9110-01128161bbb4	INSERT	inventory_items	bccf7b03-282e-41f3-a9a7-4bb9f08f56c8	\N	{"id": "bccf7b03-282e-41f3-a9a7-4bb9f08f56c8", "name": "Projektor", "notes": null, "event_id": "dff612aa-f30c-4a1e-9110-01128161bbb4", "quantity": 1, "created_at": "2025-07-25T08:05:19.743254+02:00", "updated_at": "2025-07-25T08:05:19.743254+02:00", "assigned_to": "2c4ce503-aca9-48f1-b42f-bdc7921d0efa", "description": null}	2025-07-25 08:05:19.743254+02
22e77a80-0528-49bb-b02c-729dd97d6317	dff612aa-f30c-4a1e-9110-01128161bbb4	INSERT	transport	9e90bc5e-d774-4595-8dc1-03b2e1532a9c	\N	{"id": "9e90bc5e-d774-4595-8dc1-03b2e1532a9c", "type": "Auto Tesaříci", "notes": null, "price": 800.00, "capacity": 2, "event_id": "dff612aa-f30c-4a1e-9110-01128161bbb4", "created_at": "2025-07-25T08:06:24.138441+02:00", "updated_at": "2025-07-25T08:06:24.138441+02:00", "arrival_time": "2025-07-30T03:00:00+02:00", "departure_time": "2025-07-26T20:20:00+02:00", "arrival_location": "Chata", "departure_location": "Olomouc"}	2025-07-25 08:06:24.138441+02
998dc1f8-741e-492c-bd92-3ab9c70372c7	dff612aa-f30c-4a1e-9110-01128161bbb4	DELETE	transport_assignments	7fea1ec1-eb18-4f66-a6cf-de7c325dafb7	{"id": "7fea1ec1-eb18-4f66-a6cf-de7c325dafb7", "created_at": "2025-07-25T08:04:50.37118+02:00", "transport_id": "a398955b-a419-4ed1-9211-73820a8afce5", "participant_id": "a9b7082a-462e-4d18-a00e-f05d2265fda7"}	\N	2025-07-25 08:06:26.930061+02
d28d284a-02b5-47bf-9e35-6f179ce728dc	dff612aa-f30c-4a1e-9110-01128161bbb4	DELETE	transport_assignments	9c869124-0937-4058-ac54-aa1cf5c4e645	{"id": "9c869124-0937-4058-ac54-aa1cf5c4e645", "created_at": "2025-07-25T08:04:54.289332+02:00", "transport_id": "a398955b-a419-4ed1-9211-73820a8afce5", "participant_id": "d652627a-6a1e-466c-be04-8413635c6e3e"}	\N	2025-07-25 08:06:29.222255+02
bad894aa-381b-4824-a923-da85b0a771ba	dff612aa-f30c-4a1e-9110-01128161bbb4	INSERT	transport_assignments	11883ce4-dad0-43fe-ab9d-cf6a116c9a5a	\N	{"id": "11883ce4-dad0-43fe-ab9d-cf6a116c9a5a", "created_at": "2025-07-25T08:06:32.504071+02:00", "transport_id": "9e90bc5e-d774-4595-8dc1-03b2e1532a9c", "participant_id": "a9b7082a-462e-4d18-a00e-f05d2265fda7"}	2025-07-25 08:06:32.504071+02
74b3939f-ea02-4b44-94d0-99d211fd9b04	dff612aa-f30c-4a1e-9110-01128161bbb4	INSERT	transport_assignments	70ef567b-29e8-4dc8-ad5b-3e9654fa170d	\N	{"id": "70ef567b-29e8-4dc8-ad5b-3e9654fa170d", "created_at": "2025-07-25T08:06:34.087905+02:00", "transport_id": "9e90bc5e-d774-4595-8dc1-03b2e1532a9c", "participant_id": "d652627a-6a1e-466c-be04-8413635c6e3e"}	2025-07-25 08:06:34.087905+02
e05d90e0-a883-4713-aeeb-f7c65f2ea841	dff612aa-f30c-4a1e-9110-01128161bbb4	DELETE	transport_assignments	70ef567b-29e8-4dc8-ad5b-3e9654fa170d	{"id": "70ef567b-29e8-4dc8-ad5b-3e9654fa170d", "created_at": "2025-07-25T08:06:34.087905+02:00", "transport_id": "9e90bc5e-d774-4595-8dc1-03b2e1532a9c", "participant_id": "d652627a-6a1e-466c-be04-8413635c6e3e"}	\N	2025-07-25 08:06:38.631623+02
d1b917de-2f4e-4182-9b09-64c18dc238b2	dff612aa-f30c-4a1e-9110-01128161bbb4	INSERT	transport_assignments	cfdffca9-ce93-43ba-ade7-bdaf2b386d26	\N	{"id": "cfdffca9-ce93-43ba-ade7-bdaf2b386d26", "created_at": "2025-07-25T08:13:04.09335+02:00", "transport_id": "a398955b-a419-4ed1-9211-73820a8afce5", "participant_id": "2c4ce503-aca9-48f1-b42f-bdc7921d0efa"}	2025-07-25 08:13:04.09335+02
2bb1f4e5-1ffa-4029-8d06-66486319db08	dff612aa-f30c-4a1e-9110-01128161bbb4	DELETE	transport_assignments	42d1df5b-df9e-48b5-8911-8a7ad4b95f9b	{"id": "42d1df5b-df9e-48b5-8911-8a7ad4b95f9b", "created_at": "2025-07-25T08:04:56.158665+02:00", "transport_id": "a398955b-a419-4ed1-9211-73820a8afce5", "participant_id": "7692c755-ab1f-4279-8273-c7ff3e5b61c9"}	\N	2025-07-25 08:13:05.947805+02
27da2e0c-7f5d-4376-a13a-9d925635e2e0	dff612aa-f30c-4a1e-9110-01128161bbb4	DELETE	transport_assignments	63551a9d-08e1-4b70-a81f-4d718dc53027	{"id": "63551a9d-08e1-4b70-a81f-4d718dc53027", "created_at": "2025-07-25T08:04:52.119881+02:00", "transport_id": "a398955b-a419-4ed1-9211-73820a8afce5", "participant_id": "2c6bc385-a3c3-41eb-b2b4-caddd17b12ce"}	\N	2025-07-25 08:13:08.59377+02
1000168a-9dc4-47cc-ad8a-99fa0eaf6e65	dff612aa-f30c-4a1e-9110-01128161bbb4	INSERT	transport_assignments	61482ce4-ede4-4017-b867-4d860e741e14	\N	{"id": "61482ce4-ede4-4017-b867-4d860e741e14", "created_at": "2025-07-25T08:13:19.654864+02:00", "transport_id": "a398955b-a419-4ed1-9211-73820a8afce5", "participant_id": "2c6bc385-a3c3-41eb-b2b4-caddd17b12ce"}	2025-07-25 08:13:19.654864+02
ed393f9e-7ca3-4faf-94e0-4ee2be65aefc	dff612aa-f30c-4a1e-9110-01128161bbb4	INSERT	transport_assignments	bc769728-e5de-461b-879b-0cb1879ea504	\N	{"id": "bc769728-e5de-461b-879b-0cb1879ea504", "created_at": "2025-07-25T08:13:22.295517+02:00", "transport_id": "a398955b-a419-4ed1-9211-73820a8afce5", "participant_id": "93df8322-da8d-4da8-8f1f-d6cd5bad5439"}	2025-07-25 08:13:22.295517+02
5a5bf0d4-ecfd-44b3-a7c7-977a2d440fca	dff612aa-f30c-4a1e-9110-01128161bbb4	INSERT	transport_assignments	149ea0e5-ceee-4b20-bb65-e3d7f6121466	\N	{"id": "149ea0e5-ceee-4b20-bb65-e3d7f6121466", "created_at": "2025-07-25T08:13:24.436721+02:00", "transport_id": "a398955b-a419-4ed1-9211-73820a8afce5", "participant_id": "7692c755-ab1f-4279-8273-c7ff3e5b61c9"}	2025-07-25 08:13:24.436721+02
c09037da-076b-4e02-920f-8d53f9f8ed19	dff612aa-f30c-4a1e-9110-01128161bbb4	DELETE	participants	d652627a-6a1e-466c-be04-8413635c6e3e	{"id": "d652627a-6a1e-466c-be04-8413635c6e3e", "name": "Staňa", "notes": null, "phone": null, "event_id": "dff612aa-f30c-4a1e-9110-01128161bbb4", "created_at": "2025-07-25T08:02:59.234651+02:00", "updated_at": "2025-07-25T08:02:59.234651+02:00", "staying_full_time": true, "dietary_restrictions": null}	\N	2025-07-25 09:49:10.693855+02
32c828bb-3d41-4754-89dd-6bfd7acb3554	dff612aa-f30c-4a1e-9110-01128161bbb4	DELETE	participants	2c4ce503-aca9-48f1-b42f-bdc7921d0efa	{"id": "2c4ce503-aca9-48f1-b42f-bdc7921d0efa", "name": "Lída", "notes": null, "phone": null, "event_id": "dff612aa-f30c-4a1e-9110-01128161bbb4", "created_at": "2025-07-25T08:03:05.912077+02:00", "updated_at": "2025-07-25T08:03:05.912077+02:00", "staying_full_time": true, "dietary_restrictions": null}	\N	2025-07-25 09:49:13.858634+02
e723b09f-9fcd-49b6-9f4f-8306225deed9	dff612aa-f30c-4a1e-9110-01128161bbb4	DELETE	transport_assignments	cfdffca9-ce93-43ba-ade7-bdaf2b386d26	{"id": "cfdffca9-ce93-43ba-ade7-bdaf2b386d26", "created_at": "2025-07-25T08:13:04.09335+02:00", "transport_id": "a398955b-a419-4ed1-9211-73820a8afce5", "participant_id": "2c4ce503-aca9-48f1-b42f-bdc7921d0efa"}	\N	2025-07-25 09:49:13.858634+02
30ac58aa-bd87-4023-b85c-d7dee4288231	dff612aa-f30c-4a1e-9110-01128161bbb4	UPDATE	inventory_items	bccf7b03-282e-41f3-a9a7-4bb9f08f56c8	{"id": "bccf7b03-282e-41f3-a9a7-4bb9f08f56c8", "name": "Projektor", "notes": null, "event_id": "dff612aa-f30c-4a1e-9110-01128161bbb4", "quantity": 1, "created_at": "2025-07-25T08:05:19.743254+02:00", "updated_at": "2025-07-25T08:05:19.743254+02:00", "assigned_to": "2c4ce503-aca9-48f1-b42f-bdc7921d0efa", "description": null}	{"id": "bccf7b03-282e-41f3-a9a7-4bb9f08f56c8", "name": "Projektor", "notes": null, "event_id": "dff612aa-f30c-4a1e-9110-01128161bbb4", "quantity": 1, "created_at": "2025-07-25T08:05:19.743254+02:00", "updated_at": "2025-07-25T09:49:13.858634+02:00", "assigned_to": null, "description": null}	2025-07-25 09:49:13.858634+02
5ab6b6b1-1e75-4953-8573-65448f756187	dff612aa-f30c-4a1e-9110-01128161bbb4	UPDATE	inventory_items	474e377e-231a-48a5-9ac0-2256864487e0	{"id": "474e377e-231a-48a5-9ac0-2256864487e0", "name": "Reprák", "notes": null, "event_id": "dff612aa-f30c-4a1e-9110-01128161bbb4", "quantity": 1, "created_at": "2025-07-25T08:02:05.713377+02:00", "updated_at": "2025-07-25T08:02:05.713377+02:00", "assigned_to": "2c6bc385-a3c3-41eb-b2b4-caddd17b12ce", "description": null}	{"id": "474e377e-231a-48a5-9ac0-2256864487e0", "name": "Reprák", "notes": "někdo další jbl??", "event_id": "dff612aa-f30c-4a1e-9110-01128161bbb4", "quantity": 1, "created_at": "2025-07-25T08:02:05.713377+02:00", "updated_at": "2025-07-25T09:55:22.924823+02:00", "assigned_to": "a9b7082a-462e-4d18-a00e-f05d2265fda7", "description": "bvlablabla"}	2025-07-25 09:55:22.924823+02
636436a9-7198-4234-a486-1957573c6738	dff612aa-f30c-4a1e-9110-01128161bbb4	UPDATE	participants	7692c755-ab1f-4279-8273-c7ff3e5b61c9	{"id": "7692c755-ab1f-4279-8273-c7ff3e5b61c9", "name": "Schorňa", "notes": null, "phone": null, "event_id": "dff612aa-f30c-4a1e-9110-01128161bbb4", "created_at": "2025-07-25T08:01:47.432947+02:00", "updated_at": "2025-07-25T08:01:47.432947+02:00", "staying_full_time": true, "dietary_restrictions": null}	{"id": "7692c755-ab1f-4279-8273-c7ff3e5b61c9", "name": "Schorňa", "notes": "dva dny", "phone": null, "event_id": "dff612aa-f30c-4a1e-9110-01128161bbb4", "created_at": "2025-07-25T08:01:47.432947+02:00", "updated_at": "2025-07-25T09:57:41.292554+02:00", "staying_full_time": false, "dietary_restrictions": null}	2025-07-25 09:57:41.292554+02
dc9e754a-7375-4c74-a8c3-e541dec3fbc2	dff612aa-f30c-4a1e-9110-01128161bbb4	UPDATE	participants	a9b7082a-462e-4d18-a00e-f05d2265fda7	{"id": "a9b7082a-462e-4d18-a00e-f05d2265fda7", "name": "Simona", "notes": null, "phone": null, "event_id": "dff612aa-f30c-4a1e-9110-01128161bbb4", "created_at": "2025-07-25T08:03:09.964805+02:00", "updated_at": "2025-07-25T08:03:09.964805+02:00", "staying_full_time": true}	{"id": "a9b7082a-462e-4d18-a00e-f05d2265fda7", "name": "Simona", "notes": "budu celou dobu, možná budu muset jeden den pracovat", "phone": null, "event_id": "dff612aa-f30c-4a1e-9110-01128161bbb4", "created_at": "2025-07-25T08:03:09.964805+02:00", "updated_at": "2025-07-25T10:01:22.466673+02:00", "staying_full_time": true}	2025-07-25 10:01:22.466673+02
412c7ec3-4c72-48c4-ba56-113ef1ffb43c	dff612aa-f30c-4a1e-9110-01128161bbb4	UPDATE	participants	2c6bc385-a3c3-41eb-b2b4-caddd17b12ce	{"id": "2c6bc385-a3c3-41eb-b2b4-caddd17b12ce", "name": "David Drexler", "notes": "Budu celou dobu", "phone": "+420722957388", "event_id": "dff612aa-f30c-4a1e-9110-01128161bbb4", "created_at": "2025-07-24T23:03:17.143405+02:00", "updated_at": "2025-07-24T23:03:17.143405+02:00", "staying_full_time": true}	{"id": "2c6bc385-a3c3-41eb-b2b4-caddd17b12ce", "name": "verča", "notes": null, "phone": null, "event_id": "dff612aa-f30c-4a1e-9110-01128161bbb4", "created_at": "2025-07-24T23:03:17.143405+02:00", "updated_at": "2025-07-25T10:04:29.272082+02:00", "staying_full_time": true}	2025-07-25 10:04:29.272082+02
d2857689-4c11-478b-98b8-781f127d2870	dff612aa-f30c-4a1e-9110-01128161bbb4	INSERT	participants	a5fd10e8-c73c-4a9c-9239-a0496bad036f	\N	{"id": "a5fd10e8-c73c-4a9c-9239-a0496bad036f", "name": "David Drexler", "notes": null, "phone": null, "event_id": "dff612aa-f30c-4a1e-9110-01128161bbb4", "created_at": "2025-07-25T10:04:39.563158+02:00", "updated_at": "2025-07-25T10:04:39.563158+02:00", "staying_full_time": true}	2025-07-25 10:04:39.563158+02
c195bbb8-5bd8-4a85-b986-a08c30efd84c	dff612aa-f30c-4a1e-9110-01128161bbb4	INSERT	participants	1c426e54-ea3d-4bb8-903b-65f12e6e02ad	\N	{"id": "1c426e54-ea3d-4bb8-903b-65f12e6e02ad", "name": "Lída", "notes": null, "phone": null, "event_id": "dff612aa-f30c-4a1e-9110-01128161bbb4", "created_at": "2025-07-25T10:04:46.757002+02:00", "updated_at": "2025-07-25T10:04:46.757002+02:00", "staying_full_time": true}	2025-07-25 10:04:46.757002+02
60028c7b-4a33-47e5-9d3e-40a6c7c4e141	dff612aa-f30c-4a1e-9110-01128161bbb4	INSERT	participants	f90993d6-1657-482a-983f-eee5734a8387	\N	{"id": "f90993d6-1657-482a-983f-eee5734a8387", "name": "Roba", "notes": null, "phone": null, "event_id": "dff612aa-f30c-4a1e-9110-01128161bbb4", "created_at": "2025-07-25T10:04:50.386709+02:00", "updated_at": "2025-07-25T10:04:50.386709+02:00", "staying_full_time": true}	2025-07-25 10:04:50.386709+02
4df885a8-6bbb-4d66-a1a5-f5139c066647	dff612aa-f30c-4a1e-9110-01128161bbb4	INSERT	participants	07fc1037-95e5-4213-a216-e887869a7cb4	\N	{"id": "07fc1037-95e5-4213-a216-e887869a7cb4", "name": "Vencka", "notes": null, "phone": null, "event_id": "dff612aa-f30c-4a1e-9110-01128161bbb4", "created_at": "2025-07-25T10:04:53.855813+02:00", "updated_at": "2025-07-25T10:04:53.855813+02:00", "staying_full_time": true}	2025-07-25 10:04:53.855813+02
694dc317-f8cd-4305-a605-48460249cdca	dff612aa-f30c-4a1e-9110-01128161bbb4	INSERT	participants	50efc093-8a8b-443f-82a6-061a65dcd6df	\N	{"id": "50efc093-8a8b-443f-82a6-061a65dcd6df", "name": "Cucátko", "notes": null, "phone": null, "event_id": "dff612aa-f30c-4a1e-9110-01128161bbb4", "created_at": "2025-07-25T10:05:00.680258+02:00", "updated_at": "2025-07-25T10:05:00.680258+02:00", "staying_full_time": true}	2025-07-25 10:05:00.680258+02
c85b7a53-06aa-434c-8f7e-097f6aff9acd	dff612aa-f30c-4a1e-9110-01128161bbb4	INSERT	participants	a1e2cb39-3784-4ae8-be2e-697bc39d3d00	\N	{"id": "a1e2cb39-3784-4ae8-be2e-697bc39d3d00", "name": "Áďa", "notes": null, "phone": null, "event_id": "dff612aa-f30c-4a1e-9110-01128161bbb4", "created_at": "2025-07-25T10:05:11.951216+02:00", "updated_at": "2025-07-25T10:05:11.951216+02:00", "staying_full_time": true}	2025-07-25 10:05:11.951216+02
03d38f61-0aa5-447e-a227-68c616110750	dff612aa-f30c-4a1e-9110-01128161bbb4	INSERT	participants	34e2cc92-50f8-45ed-a38d-03791e6ec1ba	\N	{"id": "34e2cc92-50f8-45ed-a38d-03791e6ec1ba", "name": "Ihor", "notes": null, "phone": null, "event_id": "dff612aa-f30c-4a1e-9110-01128161bbb4", "created_at": "2025-07-25T10:05:15.495243+02:00", "updated_at": "2025-07-25T10:05:15.495243+02:00", "staying_full_time": true}	2025-07-25 10:05:15.495243+02
a61d0304-db28-401f-bf5f-ccde25c59b09	dff612aa-f30c-4a1e-9110-01128161bbb4	INSERT	participants	a41f0ec8-9ea6-48f6-8bcd-9a347bf8cb80	\N	{"id": "a41f0ec8-9ea6-48f6-8bcd-9a347bf8cb80", "name": "Veči", "notes": null, "phone": null, "event_id": "dff612aa-f30c-4a1e-9110-01128161bbb4", "created_at": "2025-07-25T10:05:18.514758+02:00", "updated_at": "2025-07-25T10:05:18.514758+02:00", "staying_full_time": true}	2025-07-25 10:05:18.514758+02
e87f7943-111f-4ab9-bf0e-7aa5b10be549	dff612aa-f30c-4a1e-9110-01128161bbb4	INSERT	participants	7b8209c2-4b44-4e70-adad-4543abe0d422	\N	{"id": "7b8209c2-4b44-4e70-adad-4543abe0d422", "name": "Saška", "notes": null, "phone": null, "event_id": "dff612aa-f30c-4a1e-9110-01128161bbb4", "created_at": "2025-07-25T10:05:21.875939+02:00", "updated_at": "2025-07-25T10:05:21.875939+02:00", "staying_full_time": true}	2025-07-25 10:05:21.875939+02
b70bcc43-b472-4d0a-a170-e6cf38086d5b	dff612aa-f30c-4a1e-9110-01128161bbb4	INSERT	transport_assignments	459166ec-8ad9-4dc1-b2a3-156008784fa9	\N	{"id": "459166ec-8ad9-4dc1-b2a3-156008784fa9", "created_at": "2025-07-25T10:05:32.850548+02:00", "transport_id": "a398955b-a419-4ed1-9211-73820a8afce5", "participant_id": "50efc093-8a8b-443f-82a6-061a65dcd6df"}	2025-07-25 10:05:32.850548+02
58faa766-63fa-4bce-aeec-b7ad58436045	dff612aa-f30c-4a1e-9110-01128161bbb4	INSERT	transport_assignments	d145bb12-d7fa-4b37-9305-0c9d4e695f7f	\N	{"id": "d145bb12-d7fa-4b37-9305-0c9d4e695f7f", "created_at": "2025-07-25T10:05:35.261598+02:00", "transport_id": "a398955b-a419-4ed1-9211-73820a8afce5", "participant_id": "f90993d6-1657-482a-983f-eee5734a8387"}	2025-07-25 10:05:35.261598+02
044b8f1e-9835-4320-a62f-f53d51489af2	dff612aa-f30c-4a1e-9110-01128161bbb4	INSERT	transport_assignments	31350eef-7745-458a-8d08-8ef933075c91	\N	{"id": "31350eef-7745-458a-8d08-8ef933075c91", "created_at": "2025-07-25T10:05:38.955426+02:00", "transport_id": "a398955b-a419-4ed1-9211-73820a8afce5", "participant_id": "1c426e54-ea3d-4bb8-903b-65f12e6e02ad"}	2025-07-25 10:05:38.955426+02
e87341c0-1a65-430e-8f8b-85727163e2d5	dff612aa-f30c-4a1e-9110-01128161bbb4	INSERT	transport_assignments	1afd03c6-514d-4a01-a004-2228725bc024	\N	{"id": "1afd03c6-514d-4a01-a004-2228725bc024", "created_at": "2025-07-25T10:05:41.798791+02:00", "transport_id": "a398955b-a419-4ed1-9211-73820a8afce5", "participant_id": "a1e2cb39-3784-4ae8-be2e-697bc39d3d00"}	2025-07-25 10:05:41.798791+02
8c065885-7846-4907-ad12-9b710b42a063	dff612aa-f30c-4a1e-9110-01128161bbb4	INSERT	transport_assignments	7ec3d609-0dc9-4291-8c5d-48cb7328eb45	\N	{"id": "7ec3d609-0dc9-4291-8c5d-48cb7328eb45", "created_at": "2025-07-25T10:05:44.935122+02:00", "transport_id": "a398955b-a419-4ed1-9211-73820a8afce5", "participant_id": "07fc1037-95e5-4213-a216-e887869a7cb4"}	2025-07-25 10:05:44.935122+02
0a65237b-b7fb-491c-b314-267c4d9f0106	dff612aa-f30c-4a1e-9110-01128161bbb4	INSERT	transport_assignments	e5d30b3a-85b9-4c4e-9272-cfc98c02c961	\N	{"id": "e5d30b3a-85b9-4c4e-9272-cfc98c02c961", "created_at": "2025-07-25T10:05:46.905892+02:00", "transport_id": "a398955b-a419-4ed1-9211-73820a8afce5", "participant_id": "a41f0ec8-9ea6-48f6-8bcd-9a347bf8cb80"}	2025-07-25 10:05:46.905892+02
8688a73b-f45f-4ea1-b76b-59e22e53333e	dff612aa-f30c-4a1e-9110-01128161bbb4	DELETE	transport_assignments	459166ec-8ad9-4dc1-b2a3-156008784fa9	{"id": "459166ec-8ad9-4dc1-b2a3-156008784fa9", "created_at": "2025-07-25T10:05:32.850548+02:00", "transport_id": "a398955b-a419-4ed1-9211-73820a8afce5", "participant_id": "50efc093-8a8b-443f-82a6-061a65dcd6df"}	\N	2025-07-25 10:05:52.609106+02
32f1fede-5622-435b-82e9-b06f758225df	dff612aa-f30c-4a1e-9110-01128161bbb4	INSERT	transport_assignments	183bcdff-242e-4312-a94c-310be814241b	\N	{"id": "183bcdff-242e-4312-a94c-310be814241b", "created_at": "2025-07-25T10:05:55.061882+02:00", "transport_id": "a398955b-a419-4ed1-9211-73820a8afce5", "participant_id": "7b8209c2-4b44-4e70-adad-4543abe0d422"}	2025-07-25 10:05:55.061882+02
ab1034b1-0086-4d85-a23d-efbe0fbcb573	dff612aa-f30c-4a1e-9110-01128161bbb4	INSERT	participants	6d7697dd-23f1-47cd-9f6a-67f1dc766a5d	\N	{"id": "6d7697dd-23f1-47cd-9f6a-67f1dc766a5d", "name": "Standa Lukeš", "notes": null, "phone": null, "event_id": "dff612aa-f30c-4a1e-9110-01128161bbb4", "created_at": "2025-07-25T10:06:32.400992+02:00", "updated_at": "2025-07-25T10:06:32.400992+02:00", "staying_full_time": true}	2025-07-25 10:06:32.400992+02
e2696583-b25e-4afc-b57e-8b870068b6cc	dff612aa-f30c-4a1e-9110-01128161bbb4	INSERT	transport_assignments	6f48a608-fe0b-4956-9314-c773abc75f75	\N	{"id": "6f48a608-fe0b-4956-9314-c773abc75f75", "created_at": "2025-07-25T10:06:40.027712+02:00", "transport_id": "9e90bc5e-d774-4595-8dc1-03b2e1532a9c", "participant_id": "6d7697dd-23f1-47cd-9f6a-67f1dc766a5d"}	2025-07-25 10:06:40.027712+02
50b0c773-5e83-4fec-a24a-8689588faa40	dff612aa-f30c-4a1e-9110-01128161bbb4	INSERT	inventory_items	d57e605f-7544-4f5a-bd92-73f617abbe07	\N	{"id": "d57e605f-7544-4f5a-bd92-73f617abbe07", "name": "Reprák JBL", "notes": null, "event_id": "dff612aa-f30c-4a1e-9110-01128161bbb4", "quantity": 1, "created_at": "2025-07-25T10:06:54.302109+02:00", "updated_at": "2025-07-25T10:06:54.302109+02:00", "assigned_to": "7692c755-ab1f-4279-8273-c7ff3e5b61c9", "description": null}	2025-07-25 10:06:54.302109+02
00c099d6-e542-4d62-8901-77db43d7f5a4	dff612aa-f30c-4a1e-9110-01128161bbb4	UPDATE	inventory_items	d57e605f-7544-4f5a-bd92-73f617abbe07	{"id": "d57e605f-7544-4f5a-bd92-73f617abbe07", "name": "Reprák JBL", "notes": null, "event_id": "dff612aa-f30c-4a1e-9110-01128161bbb4", "quantity": 1, "created_at": "2025-07-25T10:06:54.302109+02:00", "updated_at": "2025-07-25T10:06:54.302109+02:00", "assigned_to": "7692c755-ab1f-4279-8273-c7ff3e5b61c9", "description": null}	{"id": "d57e605f-7544-4f5a-bd92-73f617abbe07", "name": "Reprák JBL", "notes": null, "event_id": "dff612aa-f30c-4a1e-9110-01128161bbb4", "quantity": 1, "created_at": "2025-07-25T10:06:54.302109+02:00", "updated_at": "2025-07-25T10:07:05.82554+02:00", "assigned_to": "a5fd10e8-c73c-4a9c-9239-a0496bad036f", "description": null}	2025-07-25 10:07:05.82554+02
8f09ab0d-42fb-4d57-b9f2-086d93a66761	dff612aa-f30c-4a1e-9110-01128161bbb4	UPDATE	inventory_items	d57e605f-7544-4f5a-bd92-73f617abbe07	{"id": "d57e605f-7544-4f5a-bd92-73f617abbe07", "name": "Reprák JBL", "notes": null, "event_id": "dff612aa-f30c-4a1e-9110-01128161bbb4", "quantity": 1, "created_at": "2025-07-25T10:06:54.302109+02:00", "updated_at": "2025-07-25T10:07:05.82554+02:00", "assigned_to": "a5fd10e8-c73c-4a9c-9239-a0496bad036f", "description": null}	{"id": "d57e605f-7544-4f5a-bd92-73f617abbe07", "name": "Reprák JBL", "notes": null, "event_id": "dff612aa-f30c-4a1e-9110-01128161bbb4", "quantity": 1, "created_at": "2025-07-25T10:06:54.302109+02:00", "updated_at": "2025-07-25T10:07:13.814648+02:00", "assigned_to": "a9b7082a-462e-4d18-a00e-f05d2265fda7", "description": null}	2025-07-25 10:07:13.814648+02
7fcfdf68-e794-4372-b885-d65297257c2a	dff612aa-f30c-4a1e-9110-01128161bbb4	INSERT	inventory_items	2dcd6b57-3e51-41e6-ba99-a099cdce317e	\N	{"id": "2dcd6b57-3e51-41e6-ba99-a099cdce317e", "name": "Pípa 50L", "notes": null, "event_id": "dff612aa-f30c-4a1e-9110-01128161bbb4", "quantity": 1, "created_at": "2025-07-25T10:07:35.734802+02:00", "updated_at": "2025-07-25T10:07:35.734802+02:00", "assigned_to": "1c426e54-ea3d-4bb8-903b-65f12e6e02ad", "description": "radegast 10"}	2025-07-25 10:07:35.734802+02
8694a9ed-b67a-4b93-92e1-d58ab7668a8e	dff612aa-f30c-4a1e-9110-01128161bbb4	INSERT	inventory_items	64af2148-d984-4607-9456-2de5227b6158	\N	{"id": "64af2148-d984-4607-9456-2de5227b6158", "name": "Kokaina", "notes": "jkljlkjlk", "event_id": "dff612aa-f30c-4a1e-9110-01128161bbb4", "quantity": 2, "created_at": "2025-07-25T10:10:43.982515+02:00", "updated_at": "2025-07-25T10:10:43.982515+02:00", "assigned_to": "93df8322-da8d-4da8-8f1f-d6cd5bad5439", "description": "jkljlkjkl"}	2025-07-25 10:10:43.982515+02
0f195e7f-8bd0-426b-beba-a145daa3ef9c	dff612aa-f30c-4a1e-9110-01128161bbb4	UPDATE	inventory_items	64af2148-d984-4607-9456-2de5227b6158	{"id": "64af2148-d984-4607-9456-2de5227b6158", "name": "Kokaina", "notes": "jkljlkjlk", "event_id": "dff612aa-f30c-4a1e-9110-01128161bbb4", "quantity": 2, "created_at": "2025-07-25T10:10:43.982515+02:00", "updated_at": "2025-07-25T10:10:43.982515+02:00", "assigned_to": "93df8322-da8d-4da8-8f1f-d6cd5bad5439", "description": "jkljlkjkl"}	{"id": "64af2148-d984-4607-9456-2de5227b6158", "name": "Kokaina", "notes": "4444444444", "event_id": "dff612aa-f30c-4a1e-9110-01128161bbb4", "quantity": 2, "created_at": "2025-07-25T10:10:43.982515+02:00", "updated_at": "2025-07-25T10:10:52.149273+02:00", "assigned_to": "93df8322-da8d-4da8-8f1f-d6cd5bad5439", "description": "jkljlkjkl"}	2025-07-25 10:10:52.149273+02
9daab4f6-6fee-4967-98c9-cfd08dc53352	dff612aa-f30c-4a1e-9110-01128161bbb4	DELETE	inventory_items	bccf7b03-282e-41f3-a9a7-4bb9f08f56c8	{"id": "bccf7b03-282e-41f3-a9a7-4bb9f08f56c8", "name": "Projektor", "notes": null, "event_id": "dff612aa-f30c-4a1e-9110-01128161bbb4", "quantity": 1, "created_at": "2025-07-25T08:05:19.743254+02:00", "updated_at": "2025-07-25T09:49:13.858634+02:00", "assigned_to": null, "description": null}	\N	2025-07-25 10:11:01.034241+02
48f386ce-6297-4d7b-85d2-3ad07859437e	dff612aa-f30c-4a1e-9110-01128161bbb4	DELETE	inventory_items	474e377e-231a-48a5-9ac0-2256864487e0	{"id": "474e377e-231a-48a5-9ac0-2256864487e0", "name": "Reprák", "notes": "někdo další jbl??", "event_id": "dff612aa-f30c-4a1e-9110-01128161bbb4", "quantity": 1, "created_at": "2025-07-25T08:02:05.713377+02:00", "updated_at": "2025-07-25T09:55:22.924823+02:00", "assigned_to": "a9b7082a-462e-4d18-a00e-f05d2265fda7", "description": "bvlablabla"}	\N	2025-07-25 10:11:02.815702+02
50d86fdf-4e27-4821-aa2e-1491162c6e2c	dff612aa-f30c-4a1e-9110-01128161bbb4	DELETE	inventory_items	d57e605f-7544-4f5a-bd92-73f617abbe07	{"id": "d57e605f-7544-4f5a-bd92-73f617abbe07", "name": "Reprák JBL", "notes": null, "event_id": "dff612aa-f30c-4a1e-9110-01128161bbb4", "quantity": 1, "created_at": "2025-07-25T10:06:54.302109+02:00", "updated_at": "2025-07-25T10:07:13.814648+02:00", "assigned_to": "a9b7082a-462e-4d18-a00e-f05d2265fda7", "description": null}	\N	2025-07-25 10:11:04.53022+02
d044a5ae-035e-4c28-8eba-13ce12618370	dff612aa-f30c-4a1e-9110-01128161bbb4	DELETE	inventory_items	2dcd6b57-3e51-41e6-ba99-a099cdce317e	{"id": "2dcd6b57-3e51-41e6-ba99-a099cdce317e", "name": "Pípa 50L", "notes": null, "event_id": "dff612aa-f30c-4a1e-9110-01128161bbb4", "quantity": 1, "created_at": "2025-07-25T10:07:35.734802+02:00", "updated_at": "2025-07-25T10:07:35.734802+02:00", "assigned_to": "1c426e54-ea3d-4bb8-903b-65f12e6e02ad", "description": "radegast 10"}	\N	2025-07-25 10:11:05.927155+02
fc402522-63be-4489-8b0e-44a8f597f8b2	dff612aa-f30c-4a1e-9110-01128161bbb4	DELETE	inventory_items	64af2148-d984-4607-9456-2de5227b6158	{"id": "64af2148-d984-4607-9456-2de5227b6158", "name": "Kokaina", "notes": "4444444444", "event_id": "dff612aa-f30c-4a1e-9110-01128161bbb4", "quantity": 2, "created_at": "2025-07-25T10:10:43.982515+02:00", "updated_at": "2025-07-25T10:10:52.149273+02:00", "assigned_to": "93df8322-da8d-4da8-8f1f-d6cd5bad5439", "description": "jkljlkjkl"}	\N	2025-07-25 10:11:07.791619+02
62820001-b01c-41b5-9cf6-669ca24fab65	dff612aa-f30c-4a1e-9110-01128161bbb4	INSERT	inventory_items	5b152582-6c30-4183-9e5c-1a1c4de3c5cc	\N	{"id": "5b152582-6c30-4183-9e5c-1a1c4de3c5cc", "name": "deskovky", "notes": null, "event_id": "dff612aa-f30c-4a1e-9110-01128161bbb4", "quantity": 1, "created_at": "2025-07-25T10:11:58.9529+02:00", "updated_at": "2025-07-25T10:11:58.9529+02:00", "assigned_to": "93df8322-da8d-4da8-8f1f-d6cd5bad5439", "description": "activity, bang, uno"}	2025-07-25 10:11:58.9529+02
70a21b13-8e5e-414b-bb5b-f56b13cbaae6	dff612aa-f30c-4a1e-9110-01128161bbb4	INSERT	inventory_items	6bde3f06-c57e-4fa3-b971-f522793809a4	\N	{"id": "6bde3f06-c57e-4fa3-b971-f522793809a4", "name": "pivko", "notes": null, "event_id": "dff612aa-f30c-4a1e-9110-01128161bbb4", "quantity": 5, "created_at": "2025-07-25T10:12:22.967579+02:00", "updated_at": "2025-07-25T10:12:22.967579+02:00", "assigned_to": "a5fd10e8-c73c-4a9c-9239-a0496bad036f", "description": "50L radegast 10"}	2025-07-25 10:12:22.967579+02
77258f54-296b-4388-be50-f3d7e9dbceff	dff612aa-f30c-4a1e-9110-01128161bbb4	UPDATE	transport	9e90bc5e-d774-4595-8dc1-03b2e1532a9c	{"id": "9e90bc5e-d774-4595-8dc1-03b2e1532a9c", "type": "Auto Tesaříci", "notes": null, "price": 800.00, "capacity": 2, "event_id": "dff612aa-f30c-4a1e-9110-01128161bbb4", "created_at": "2025-07-25T08:06:24.138441+02:00", "updated_at": "2025-07-25T08:06:24.138441+02:00", "departure_time": "2025-07-26T20:20:00+02:00", "arrival_location": "Chata", "departure_location": "Olomouc"}	{"id": "9e90bc5e-d774-4595-8dc1-03b2e1532a9c", "type": "Auto Tesaříci", "notes": "Cena pro dalšího 200", "price": 800.00, "capacity": 4, "event_id": "dff612aa-f30c-4a1e-9110-01128161bbb4", "created_at": "2025-07-25T08:06:24.138441+02:00", "updated_at": "2025-07-25T10:12:51.623944+02:00", "departure_time": "2025-07-26T20:20:00+02:00", "arrival_location": "Chata", "departure_location": "Olomouc"}	2025-07-25 10:12:51.623944+02
8812a47c-4404-4931-88ad-c81ce7d5d76b	dff612aa-f30c-4a1e-9110-01128161bbb4	UPDATE	transport	a398955b-a419-4ed1-9211-73820a8afce5	{"id": "a398955b-a419-4ed1-9211-73820a8afce5", "type": "Dodávka Drek", "notes": null, "price": 2000.00, "capacity": 9, "event_id": "dff612aa-f30c-4a1e-9110-01128161bbb4", "created_at": "2025-07-24T23:03:57.817337+02:00", "updated_at": "2025-07-24T23:03:57.817337+02:00", "departure_time": "2025-07-27T20:20:00+02:00", "arrival_location": "Chata", "departure_location": "Brno", "intermediate_stops": []}	{"id": "a398955b-a419-4ed1-9211-73820a8afce5", "type": "Dodávka Drek", "notes": null, "price": 2000.00, "capacity": 9, "event_id": "dff612aa-f30c-4a1e-9110-01128161bbb4", "created_at": "2025-07-24T23:03:57.817337+02:00", "updated_at": "2025-07-25T10:21:22.919881+02:00", "departure_time": "2025-07-26T12:00:00+02:00", "arrival_location": "Chata", "departure_location": "Brno", "intermediate_stops": [{"time": "2025-07-26T12:45", "notes": "Večerci", "location": "Kroměříž"}, {"time": "2025-07-26T13:10", "notes": "Polďové", "location": "Chropyně"}]}	2025-07-25 10:21:22.919881+02
d39cb6db-7b9f-4985-a7f3-d4cc62571e30	dff612aa-f30c-4a1e-9110-01128161bbb4	UPDATE	transport	a398955b-a419-4ed1-9211-73820a8afce5	{"id": "a398955b-a419-4ed1-9211-73820a8afce5", "type": "Dodávka Drek", "notes": null, "price": 2000.00, "capacity": 9, "event_id": "dff612aa-f30c-4a1e-9110-01128161bbb4", "created_at": "2025-07-24T23:03:57.817337+02:00", "updated_at": "2025-07-25T10:21:22.919881+02:00", "departure_time": "2025-07-26T12:00:00+02:00", "arrival_location": "Chata", "departure_location": "Brno", "intermediate_stops": [{"time": "2025-07-26T12:45", "notes": "Večerci", "location": "Kroměříž"}, {"time": "2025-07-26T13:10", "notes": "Polďové", "location": "Chropyně"}]}	{"id": "a398955b-a419-4ed1-9211-73820a8afce5", "type": "Dodávka Drek", "notes": null, "price": 2000.00, "capacity": 9, "event_id": "dff612aa-f30c-4a1e-9110-01128161bbb4", "created_at": "2025-07-24T23:03:57.817337+02:00", "updated_at": "2025-07-25T10:21:38.188319+02:00", "departure_time": "2025-07-26T12:00:00+02:00", "arrival_location": "Chata", "departure_location": "Brno", "intermediate_stops": [{"time": "2025-07-26T12:45", "notes": "Večerci", "location": "Kroměříž"}, {"time": "2025-07-26T13:10", "notes": "Polďové", "location": "Chropyně"}]}	2025-07-25 10:21:38.188319+02
833ffff0-ae86-431a-af7a-b281ab331a03	dff612aa-f30c-4a1e-9110-01128161bbb4	UPDATE	transport	a398955b-a419-4ed1-9211-73820a8afce5	{"id": "a398955b-a419-4ed1-9211-73820a8afce5", "type": "Dodávka Drek", "notes": null, "price": 2000.00, "capacity": 9, "event_id": "dff612aa-f30c-4a1e-9110-01128161bbb4", "created_at": "2025-07-24T23:03:57.817337+02:00", "updated_at": "2025-07-25T10:21:38.188319+02:00", "departure_time": "2025-07-26T12:00:00+02:00", "arrival_location": "Chata", "departure_location": "Brno", "intermediate_stops": [{"time": "2025-07-26T12:45", "notes": "Večerci", "location": "Kroměříž"}, {"time": "2025-07-26T13:10", "notes": "Polďové", "location": "Chropyně"}]}	{"id": "a398955b-a419-4ed1-9211-73820a8afce5", "type": "Dodávka Drek", "notes": null, "price": 2000.00, "capacity": 9, "event_id": "dff612aa-f30c-4a1e-9110-01128161bbb4", "created_at": "2025-07-24T23:03:57.817337+02:00", "updated_at": "2025-07-25T10:23:46.251761+02:00", "departure_time": null, "arrival_location": "Chata", "departure_location": "Brno", "intermediate_stops": [{"time": "12:45", "notes": "Večerci", "location": "Kroměříž"}, {"time": "13:10", "notes": "Polďové", "location": "Chropyně"}]}	2025-07-25 10:23:46.251761+02
25ccc2c2-7fad-49d6-b173-30216b52c355	dff612aa-f30c-4a1e-9110-01128161bbb4	UPDATE	transport	9e90bc5e-d774-4595-8dc1-03b2e1532a9c	{"id": "9e90bc5e-d774-4595-8dc1-03b2e1532a9c", "type": "Auto Tesaříci", "notes": "Cena pro dalšího 200", "price": 800.00, "capacity": 4, "event_id": "dff612aa-f30c-4a1e-9110-01128161bbb4", "created_at": "2025-07-25T08:06:24.138441+02:00", "updated_at": "2025-07-25T10:12:51.623944+02:00", "departure_time": "2025-07-26T20:20:00+02:00", "arrival_location": "Chata", "departure_location": "Olomouc", "intermediate_stops": []}	{"id": "9e90bc5e-d774-4595-8dc1-03b2e1532a9c", "type": "Auto Tesaříci", "notes": "Cena pro dalšího 200", "price": 800.00, "capacity": 4, "event_id": "dff612aa-f30c-4a1e-9110-01128161bbb4", "created_at": "2025-07-25T08:06:24.138441+02:00", "updated_at": "2025-07-25T10:24:28.263273+02:00", "departure_time": null, "arrival_location": "Chata", "departure_location": "Olomouc", "intermediate_stops": []}	2025-07-25 10:24:28.263273+02
692f78e7-796e-40a7-acf2-31678d3c24b2	dff612aa-f30c-4a1e-9110-01128161bbb4	UPDATE	transport	a398955b-a419-4ed1-9211-73820a8afce5	{"id": "a398955b-a419-4ed1-9211-73820a8afce5", "type": "Dodávka Drek", "notes": null, "price": 2000.00, "capacity": 9, "event_id": "dff612aa-f30c-4a1e-9110-01128161bbb4", "created_at": "2025-07-24T23:03:57.817337+02:00", "updated_at": "2025-07-25T10:23:46.251761+02:00", "departure_time": null, "arrival_location": "Chata", "departure_location": "Brno", "intermediate_stops": [{"time": "12:45", "notes": "Večerci", "location": "Kroměříž"}, {"time": "13:10", "notes": "Polďové", "location": "Chropyně"}]}	{"id": "a398955b-a419-4ed1-9211-73820a8afce5", "type": "Dodávka Drek", "notes": null, "price": 2000.00, "capacity": 9, "event_id": "dff612aa-f30c-4a1e-9110-01128161bbb4", "created_at": "2025-07-24T23:03:57.817337+02:00", "updated_at": "2025-07-25T10:24:28.263273+02:00", "departure_time": null, "arrival_location": "Chata", "departure_location": "Brno", "intermediate_stops": [{"time": "12:45", "notes": "Večerci", "location": "Kroměříž"}, {"time": "13:10", "notes": "Polďové", "location": "Chropyně"}]}	2025-07-25 10:24:28.263273+02
fc3cfffb-b0db-4f4a-895f-fb550c067d84	dff612aa-f30c-4a1e-9110-01128161bbb4	UPDATE	transport	a398955b-a419-4ed1-9211-73820a8afce5	{"id": "a398955b-a419-4ed1-9211-73820a8afce5", "type": "Dodávka Drek", "notes": null, "price": 2000.00, "capacity": 9, "event_id": "dff612aa-f30c-4a1e-9110-01128161bbb4", "created_at": "2025-07-24T23:03:57.817337+02:00", "updated_at": "2025-07-25T10:24:28.263273+02:00", "departure_time": null, "arrival_location": "Chata", "departure_location": "Brno", "intermediate_stops": [{"time": "12:45", "notes": "Večerci", "location": "Kroměříž"}, {"time": "13:10", "notes": "Polďové", "location": "Chropyně"}]}	{"id": "a398955b-a419-4ed1-9211-73820a8afce5", "type": "Dodávka Drek", "notes": null, "price": 2000.00, "capacity": 9, "event_id": "dff612aa-f30c-4a1e-9110-01128161bbb4", "created_at": "2025-07-24T23:03:57.817337+02:00", "updated_at": "2025-07-25T10:25:18.938418+02:00", "departure_time": "12:00", "arrival_location": "Chata", "departure_location": "Brno", "intermediate_stops": [{"time": "12:45", "notes": "Večerci", "location": "Kroměříž"}, {"time": "13:10", "notes": "Polďové", "location": "Chropyně"}]}	2025-07-25 10:25:18.938418+02
02be5b6c-6442-4a9e-8055-444c950b3262	dff612aa-f30c-4a1e-9110-01128161bbb4	UPDATE	transport	9e90bc5e-d774-4595-8dc1-03b2e1532a9c	{"id": "9e90bc5e-d774-4595-8dc1-03b2e1532a9c", "type": "Auto Tesaříci", "notes": "Cena pro dalšího 200", "price": 800.00, "capacity": 4, "event_id": "dff612aa-f30c-4a1e-9110-01128161bbb4", "created_at": "2025-07-25T08:06:24.138441+02:00", "updated_at": "2025-07-25T10:24:28.263273+02:00", "departure_time": null, "arrival_location": "Chata", "departure_location": "Olomouc", "intermediate_stops": []}	{"id": "9e90bc5e-d774-4595-8dc1-03b2e1532a9c", "type": "Auto Tesaříci", "notes": "Cena pro dalšího 200", "price": 800.00, "capacity": 4, "event_id": "dff612aa-f30c-4a1e-9110-01128161bbb4", "created_at": "2025-07-25T08:06:24.138441+02:00", "updated_at": "2025-07-25T10:27:31.033816+02:00", "departure_time": "14:00", "arrival_location": "Chata", "departure_location": "Olomouc", "intermediate_stops": []}	2025-07-25 10:27:31.033816+02
fd8b8608-5d80-4314-b2ee-62793275312f	dff612aa-f30c-4a1e-9110-01128161bbb4	INSERT	transport_assignments	134341c6-5a1f-4240-87af-2c5e9954af4d	\N	{"id": "134341c6-5a1f-4240-87af-2c5e9954af4d", "created_at": "2025-07-25T10:28:34.166086+02:00", "transport_id": "9e90bc5e-d774-4595-8dc1-03b2e1532a9c", "participant_id": "50efc093-8a8b-443f-82a6-061a65dcd6df"}	2025-07-25 10:28:34.166086+02
77a7451e-4641-493d-a6db-64444257f4c1	dff612aa-f30c-4a1e-9110-01128161bbb4	INSERT	transport_assignments	62a4d734-09f1-4286-9d42-6bd93db328da	\N	{"id": "62a4d734-09f1-4286-9d42-6bd93db328da", "created_at": "2025-07-25T10:28:36.496064+02:00", "transport_id": "9e90bc5e-d774-4595-8dc1-03b2e1532a9c", "participant_id": "34e2cc92-50f8-45ed-a38d-03791e6ec1ba"}	2025-07-25 10:28:36.496064+02
9bb86281-a9cb-4b48-a7a2-88831cf6fd13	dff612aa-f30c-4a1e-9110-01128161bbb4	DELETE	transport_assignments	134341c6-5a1f-4240-87af-2c5e9954af4d	{"id": "134341c6-5a1f-4240-87af-2c5e9954af4d", "created_at": "2025-07-25T10:28:34.166086+02:00", "transport_id": "9e90bc5e-d774-4595-8dc1-03b2e1532a9c", "participant_id": "50efc093-8a8b-443f-82a6-061a65dcd6df"}	\N	2025-07-25 10:28:39.162151+02
7006dbf5-1811-4efd-b863-477c0c368bc4	dff612aa-f30c-4a1e-9110-01128161bbb4	DELETE	transport_assignments	62a4d734-09f1-4286-9d42-6bd93db328da	{"id": "62a4d734-09f1-4286-9d42-6bd93db328da", "created_at": "2025-07-25T10:28:36.496064+02:00", "transport_id": "9e90bc5e-d774-4595-8dc1-03b2e1532a9c", "participant_id": "34e2cc92-50f8-45ed-a38d-03791e6ec1ba"}	\N	2025-07-25 10:28:40.549625+02
a0dd91a7-52dd-4fb7-bd08-68b1b87d9dc3	dff612aa-f30c-4a1e-9110-01128161bbb4	INSERT	transport_assignments	e3aa431f-6214-4435-9773-5e2d96ab23f6	\N	{"id": "e3aa431f-6214-4435-9773-5e2d96ab23f6", "created_at": "2025-07-25T10:28:43.77879+02:00", "transport_id": "9e90bc5e-d774-4595-8dc1-03b2e1532a9c", "participant_id": "34e2cc92-50f8-45ed-a38d-03791e6ec1ba"}	2025-07-25 10:28:43.77879+02
26ad6029-cca5-4a09-9f28-a9f81ed690f4	dff612aa-f30c-4a1e-9110-01128161bbb4	INSERT	transport_assignments	32268af9-8a06-448c-bcda-9809038f8052	\N	{"id": "32268af9-8a06-448c-bcda-9809038f8052", "created_at": "2025-07-25T10:28:45.816541+02:00", "transport_id": "9e90bc5e-d774-4595-8dc1-03b2e1532a9c", "participant_id": "50efc093-8a8b-443f-82a6-061a65dcd6df"}	2025-07-25 10:28:45.816541+02
7c7db184-e464-4b61-ba3c-3296d2a0091c	dff612aa-f30c-4a1e-9110-01128161bbb4	INSERT	inventory_items	bfabea46-7033-4bc3-90ad-7332e8325717	\N	{"id": "bfabea46-7033-4bc3-90ad-7332e8325717", "name": "Projektor", "notes": null, "event_id": "dff612aa-f30c-4a1e-9110-01128161bbb4", "quantity": 1, "created_at": "2025-07-25T10:53:15.051205+02:00", "updated_at": "2025-07-25T10:53:15.051205+02:00", "assigned_to": "a5fd10e8-c73c-4a9c-9239-a0496bad036f", "description": null}	2025-07-25 10:53:15.051205+02
c9124a98-bc3a-4374-8c27-cb25aa13990f	dff612aa-f30c-4a1e-9110-01128161bbb4	UPDATE	participants	2c6bc385-a3c3-41eb-b2b4-caddd17b12ce	{"id": "2c6bc385-a3c3-41eb-b2b4-caddd17b12ce", "name": "verča", "notes": null, "phone": null, "event_id": "dff612aa-f30c-4a1e-9110-01128161bbb4", "created_at": "2025-07-24T23:03:17.143405+02:00", "updated_at": "2025-07-25T10:04:29.272082+02:00", "staying_full_time": true}	{"id": "2c6bc385-a3c3-41eb-b2b4-caddd17b12ce", "name": "verča", "notes": "žirafa ? ??", "phone": null, "event_id": "dff612aa-f30c-4a1e-9110-01128161bbb4", "created_at": "2025-07-24T23:03:17.143405+02:00", "updated_at": "2025-07-25T11:06:14.095729+02:00", "staying_full_time": true}	2025-07-25 11:06:14.095729+02
aee390fa-c0ee-47d0-b88b-2f5bda01f12d	dff612aa-f30c-4a1e-9110-01128161bbb4	UPDATE	inventory_items	5b152582-6c30-4183-9e5c-1a1c4de3c5cc	{"id": "5b152582-6c30-4183-9e5c-1a1c4de3c5cc", "name": "deskovky", "notes": null, "event_id": "dff612aa-f30c-4a1e-9110-01128161bbb4", "quantity": 1, "created_at": "2025-07-25T10:11:58.9529+02:00", "updated_at": "2025-07-25T10:11:58.9529+02:00", "assigned_to": "93df8322-da8d-4da8-8f1f-d6cd5bad5439", "description": "activity, bang, uno"}	{"id": "5b152582-6c30-4183-9e5c-1a1c4de3c5cc", "name": "deskovky", "notes": "activity, catan, uno", "event_id": "dff612aa-f30c-4a1e-9110-01128161bbb4", "quantity": 1, "created_at": "2025-07-25T10:11:58.9529+02:00", "updated_at": "2025-07-25T11:06:40.223026+02:00", "assigned_to": "93df8322-da8d-4da8-8f1f-d6cd5bad5439", "description": "activity, bang, uno"}	2025-07-25 11:06:40.223026+02
fb635c90-4aaa-41f2-868f-0773cd78637d	dff612aa-f30c-4a1e-9110-01128161bbb4	INSERT	participants	1be96fc9-aac1-4bd8-a23c-bde9b775cd1f	\N	{"id": "1be96fc9-aac1-4bd8-a23c-bde9b775cd1f", "name": "TAFROB", "notes": "sajklj", "phone": null, "event_id": "dff612aa-f30c-4a1e-9110-01128161bbb4", "created_at": "2025-07-25T11:11:17.06226+02:00", "updated_at": "2025-07-25T11:11:17.06226+02:00", "staying_full_time": true}	2025-07-25 11:11:17.06226+02
66a2aef7-b1ed-46a6-a0bd-9f4b0b406f53	dff612aa-f30c-4a1e-9110-01128161bbb4	INSERT	participants	fa5e2fb3-cb15-42cf-8ce0-7128903498d9	\N	{"id": "fa5e2fb3-cb15-42cf-8ce0-7128903498d9", "name": "TAFROB", "notes": "jkjllk", "phone": null, "event_id": "dff612aa-f30c-4a1e-9110-01128161bbb4", "created_at": "2025-07-25T11:11:40.644338+02:00", "updated_at": "2025-07-25T11:11:40.644338+02:00", "staying_full_time": true}	2025-07-25 11:11:40.644338+02
e9dffaef-aa18-4325-9506-a4f4da290362	dff612aa-f30c-4a1e-9110-01128161bbb4	DELETE	participants	fa5e2fb3-cb15-42cf-8ce0-7128903498d9	{"id": "fa5e2fb3-cb15-42cf-8ce0-7128903498d9", "name": "TAFROB", "notes": "jkjllk", "phone": null, "event_id": "dff612aa-f30c-4a1e-9110-01128161bbb4", "created_at": "2025-07-25T11:11:40.644338+02:00", "updated_at": "2025-07-25T11:11:40.644338+02:00", "staying_full_time": true}	\N	2025-07-25 11:13:32.937705+02
47f08c4b-991e-403c-9761-dccc9bb28760	dff612aa-f30c-4a1e-9110-01128161bbb4	UPDATE	participants	1be96fc9-aac1-4bd8-a23c-bde9b775cd1f	{"id": "1be96fc9-aac1-4bd8-a23c-bde9b775cd1f", "name": "TAFROB", "notes": "sajklj", "phone": null, "event_id": "dff612aa-f30c-4a1e-9110-01128161bbb4", "created_at": "2025-07-25T11:11:17.06226+02:00", "updated_at": "2025-07-25T11:11:17.06226+02:00", "staying_full_time": true}	{"id": "1be96fc9-aac1-4bd8-a23c-bde9b775cd1f", "name": "TAFROB", "notes": "sajkljghjghj", "phone": null, "event_id": "dff612aa-f30c-4a1e-9110-01128161bbb4", "created_at": "2025-07-25T11:11:17.06226+02:00", "updated_at": "2025-07-25T11:13:37.027204+02:00", "staying_full_time": true}	2025-07-25 11:13:37.027204+02
fc87d21b-7552-41f6-bd4e-a33233453d1a	dff612aa-f30c-4a1e-9110-01128161bbb4	DELETE	participants	1be96fc9-aac1-4bd8-a23c-bde9b775cd1f	{"id": "1be96fc9-aac1-4bd8-a23c-bde9b775cd1f", "name": "TAFROB", "notes": "sajkljghjghj", "phone": null, "event_id": "dff612aa-f30c-4a1e-9110-01128161bbb4", "created_at": "2025-07-25T11:11:17.06226+02:00", "updated_at": "2025-07-25T11:13:37.027204+02:00", "staying_full_time": true}	\N	2025-07-25 11:14:49.562247+02
970bbde6-1597-4ffb-b459-6e8cb2ea2c68	dff612aa-f30c-4a1e-9110-01128161bbb4	INSERT	participants	b181de5e-72f8-4a7e-a1ed-e64775efc869	\N	{"id": "b181de5e-72f8-4a7e-a1ed-e64775efc869", "name": "TAFROB CHECK", "notes": "TAFROB CHECK", "phone": null, "event_id": "dff612aa-f30c-4a1e-9110-01128161bbb4", "created_at": "2025-07-25T11:15:44.482559+02:00", "updated_at": "2025-07-25T11:15:44.482559+02:00", "staying_full_time": true}	2025-07-25 11:15:44.482559+02
a3d2c2b2-42da-4347-9ed5-0401af3c1816	dff612aa-f30c-4a1e-9110-01128161bbb4	INSERT	participants	cd6cd1bf-a2a3-4462-b9b4-dee3a68a29ab	\N	{"id": "cd6cd1bf-a2a3-4462-b9b4-dee3a68a29ab", "name": "ZKOUŠKA, ZKOUŠKA", "notes": null, "phone": null, "event_id": "dff612aa-f30c-4a1e-9110-01128161bbb4", "created_at": "2025-07-25T11:16:08.098299+02:00", "updated_at": "2025-07-25T11:16:08.098299+02:00", "staying_full_time": true}	2025-07-25 11:16:08.098299+02
071bcd7b-400e-4a1f-a59e-a445456b2ae6	dff612aa-f30c-4a1e-9110-01128161bbb4	DELETE	transport_assignments	61482ce4-ede4-4017-b867-4d860e741e14	{"id": "61482ce4-ede4-4017-b867-4d860e741e14", "created_at": "2025-07-25T08:13:19.654864+02:00", "transport_id": "a398955b-a419-4ed1-9211-73820a8afce5", "participant_id": "2c6bc385-a3c3-41eb-b2b4-caddd17b12ce"}	\N	2025-07-25 11:19:22.583416+02
e865cf15-6690-461c-bbb8-a85dd0038a37	dff612aa-f30c-4a1e-9110-01128161bbb4	INSERT	transport_assignments	b3010ed2-01ca-4ceb-bbad-2d35a09e556e	\N	{"id": "b3010ed2-01ca-4ceb-bbad-2d35a09e556e", "created_at": "2025-07-25T11:19:23.500518+02:00", "transport_id": "a398955b-a419-4ed1-9211-73820a8afce5", "participant_id": "2c6bc385-a3c3-41eb-b2b4-caddd17b12ce"}	2025-07-25 11:19:23.500518+02
66fe89e2-2528-44cc-b237-85511f8539b3	dff612aa-f30c-4a1e-9110-01128161bbb4	DELETE	transport_assignments	b3010ed2-01ca-4ceb-bbad-2d35a09e556e	{"id": "b3010ed2-01ca-4ceb-bbad-2d35a09e556e", "created_at": "2025-07-25T11:19:23.500518+02:00", "transport_id": "a398955b-a419-4ed1-9211-73820a8afce5", "participant_id": "2c6bc385-a3c3-41eb-b2b4-caddd17b12ce"}	\N	2025-07-25 11:19:24.442349+02
0281421c-ca3f-43d7-b3ce-5d393ad1f657	dff612aa-f30c-4a1e-9110-01128161bbb4	INSERT	transport_assignments	9b21d390-7679-43d5-bc31-cacbed120a3c	\N	{"id": "9b21d390-7679-43d5-bc31-cacbed120a3c", "created_at": "2025-07-25T11:19:25.135725+02:00", "transport_id": "a398955b-a419-4ed1-9211-73820a8afce5", "participant_id": "34e2cc92-50f8-45ed-a38d-03791e6ec1ba"}	2025-07-25 11:19:25.135725+02
1e3255c1-1bba-42ec-b75f-3069f1f9d586	dff612aa-f30c-4a1e-9110-01128161bbb4	DELETE	transport_assignments	9b21d390-7679-43d5-bc31-cacbed120a3c	{"id": "9b21d390-7679-43d5-bc31-cacbed120a3c", "created_at": "2025-07-25T11:19:25.135725+02:00", "transport_id": "a398955b-a419-4ed1-9211-73820a8afce5", "participant_id": "34e2cc92-50f8-45ed-a38d-03791e6ec1ba"}	\N	2025-07-25 11:19:25.624042+02
e8911e6f-4e8a-4ac6-b726-8e78aa67b324	dff612aa-f30c-4a1e-9110-01128161bbb4	DELETE	transport_assignments	7ec3d609-0dc9-4291-8c5d-48cb7328eb45	{"id": "7ec3d609-0dc9-4291-8c5d-48cb7328eb45", "created_at": "2025-07-25T10:05:44.935122+02:00", "transport_id": "a398955b-a419-4ed1-9211-73820a8afce5", "participant_id": "07fc1037-95e5-4213-a216-e887869a7cb4"}	\N	2025-07-25 11:19:26.508816+02
30a61cd9-25de-4020-a82e-700c1b8de728	dff612aa-f30c-4a1e-9110-01128161bbb4	INSERT	transport_assignments	5c926a9c-5d26-422b-bbc7-21322408cf86	\N	{"id": "5c926a9c-5d26-422b-bbc7-21322408cf86", "created_at": "2025-07-25T11:19:27.160064+02:00", "transport_id": "a398955b-a419-4ed1-9211-73820a8afce5", "participant_id": "a5fd10e8-c73c-4a9c-9239-a0496bad036f"}	2025-07-25 11:19:27.160064+02
6d01d95a-d7b4-4b09-84fe-bc7e05b60872	dff612aa-f30c-4a1e-9110-01128161bbb4	INSERT	transport_assignments	c3f64366-ae8c-4a94-b2bc-172124ddb15c	\N	{"id": "c3f64366-ae8c-4a94-b2bc-172124ddb15c", "created_at": "2025-07-25T11:19:27.42507+02:00", "transport_id": "a398955b-a419-4ed1-9211-73820a8afce5", "participant_id": "07fc1037-95e5-4213-a216-e887869a7cb4"}	2025-07-25 11:19:27.42507+02
7e92362e-297b-4176-9f7f-eb7eb94403ed	dff612aa-f30c-4a1e-9110-01128161bbb4	INSERT	transport_assignments	0aa69a3e-c630-424f-8cfc-f6b36c0dacbd	\N	{"id": "0aa69a3e-c630-424f-8cfc-f6b36c0dacbd", "created_at": "2025-07-25T11:19:28.569867+02:00", "transport_id": "a398955b-a419-4ed1-9211-73820a8afce5", "participant_id": "34e2cc92-50f8-45ed-a38d-03791e6ec1ba"}	2025-07-25 11:19:28.569867+02
a44786d0-282c-4fc1-9496-34bfb7c985e8	dff612aa-f30c-4a1e-9110-01128161bbb4	INSERT	transport_assignments	bb421cf5-7484-4ec6-8fad-16438d69ea38	\N	{"id": "bb421cf5-7484-4ec6-8fad-16438d69ea38", "created_at": "2025-07-25T11:19:29.569538+02:00", "transport_id": "a398955b-a419-4ed1-9211-73820a8afce5", "participant_id": "6d7697dd-23f1-47cd-9f6a-67f1dc766a5d"}	2025-07-25 11:19:29.569538+02
16117bf9-62b8-480a-ac1b-7671f1780ad1	dff612aa-f30c-4a1e-9110-01128161bbb4	DELETE	transport_assignments	bb421cf5-7484-4ec6-8fad-16438d69ea38	{"id": "bb421cf5-7484-4ec6-8fad-16438d69ea38", "created_at": "2025-07-25T11:19:29.569538+02:00", "transport_id": "a398955b-a419-4ed1-9211-73820a8afce5", "participant_id": "6d7697dd-23f1-47cd-9f6a-67f1dc766a5d"}	\N	2025-07-25 11:19:30.333154+02
fc384010-3577-41ee-8527-eefe69ed66ba	dff612aa-f30c-4a1e-9110-01128161bbb4	DELETE	transport_assignments	0aa69a3e-c630-424f-8cfc-f6b36c0dacbd	{"id": "0aa69a3e-c630-424f-8cfc-f6b36c0dacbd", "created_at": "2025-07-25T11:19:28.569867+02:00", "transport_id": "a398955b-a419-4ed1-9211-73820a8afce5", "participant_id": "34e2cc92-50f8-45ed-a38d-03791e6ec1ba"}	\N	2025-07-25 11:19:30.938493+02
2100c0c3-908b-41f1-aeac-e7a3248c6ee1	dff612aa-f30c-4a1e-9110-01128161bbb4	DELETE	transport_assignments	c3f64366-ae8c-4a94-b2bc-172124ddb15c	{"id": "c3f64366-ae8c-4a94-b2bc-172124ddb15c", "created_at": "2025-07-25T11:19:27.42507+02:00", "transport_id": "a398955b-a419-4ed1-9211-73820a8afce5", "participant_id": "07fc1037-95e5-4213-a216-e887869a7cb4"}	\N	2025-07-25 11:19:31.644111+02
2e88dee0-2813-4908-8fed-b2e621e08f72	dff612aa-f30c-4a1e-9110-01128161bbb4	INSERT	transport_assignments	ff2ecb90-99ed-4b03-8f46-bd7dfe52c7d7	\N	{"id": "ff2ecb90-99ed-4b03-8f46-bd7dfe52c7d7", "created_at": "2025-07-25T11:19:32.367564+02:00", "transport_id": "a398955b-a419-4ed1-9211-73820a8afce5", "participant_id": "2c6bc385-a3c3-41eb-b2b4-caddd17b12ce"}	2025-07-25 11:19:32.367564+02
5bf0f888-72ad-437e-a9a9-2b0aedebb74b	dff612aa-f30c-4a1e-9110-01128161bbb4	INSERT	transport_assignments	6a62b3bf-73fd-47d8-8b89-b1bbf438bff0	\N	{"id": "6a62b3bf-73fd-47d8-8b89-b1bbf438bff0", "created_at": "2025-07-25T11:19:33.955393+02:00", "transport_id": "a398955b-a419-4ed1-9211-73820a8afce5", "participant_id": "07fc1037-95e5-4213-a216-e887869a7cb4"}	2025-07-25 11:19:33.955393+02
7a52c94c-3b8a-404a-803c-e320b2c1696d	dff612aa-f30c-4a1e-9110-01128161bbb4	DELETE	transport_assignments	6a62b3bf-73fd-47d8-8b89-b1bbf438bff0	{"id": "6a62b3bf-73fd-47d8-8b89-b1bbf438bff0", "created_at": "2025-07-25T11:19:33.955393+02:00", "transport_id": "a398955b-a419-4ed1-9211-73820a8afce5", "participant_id": "07fc1037-95e5-4213-a216-e887869a7cb4"}	\N	2025-07-25 11:19:34.431274+02
da38600d-1668-476a-ae35-31e7db8b439d	dff612aa-f30c-4a1e-9110-01128161bbb4	INSERT	transport_assignments	ced1da32-44cd-42dd-993d-1d3e24ed4ffc	\N	{"id": "ced1da32-44cd-42dd-993d-1d3e24ed4ffc", "created_at": "2025-07-25T11:19:36.051164+02:00", "transport_id": "a398955b-a419-4ed1-9211-73820a8afce5", "participant_id": "cd6cd1bf-a2a3-4462-b9b4-dee3a68a29ab"}	2025-07-25 11:19:36.051164+02
393d60a6-b199-4951-ae34-74d8434b630e	dff612aa-f30c-4a1e-9110-01128161bbb4	DELETE	transport_assignments	ced1da32-44cd-42dd-993d-1d3e24ed4ffc	{"id": "ced1da32-44cd-42dd-993d-1d3e24ed4ffc", "created_at": "2025-07-25T11:19:36.051164+02:00", "transport_id": "a398955b-a419-4ed1-9211-73820a8afce5", "participant_id": "cd6cd1bf-a2a3-4462-b9b4-dee3a68a29ab"}	\N	2025-07-25 11:19:36.788487+02
df199743-8ac9-4e97-bdb0-a06e9fa37340	dff612aa-f30c-4a1e-9110-01128161bbb4	INSERT	transport_assignments	441bba8e-9277-48d1-919d-52e3e2ae41ad	\N	{"id": "441bba8e-9277-48d1-919d-52e3e2ae41ad", "created_at": "2025-07-25T11:19:37.391828+02:00", "transport_id": "a398955b-a419-4ed1-9211-73820a8afce5", "participant_id": "6d7697dd-23f1-47cd-9f6a-67f1dc766a5d"}	2025-07-25 11:19:37.391828+02
24350030-6941-4829-8f05-5b04ea732ebd	dff612aa-f30c-4a1e-9110-01128161bbb4	INSERT	transport_assignments	7a8935ef-f4b4-4107-bc8a-eec2bba33c94	\N	{"id": "7a8935ef-f4b4-4107-bc8a-eec2bba33c94", "created_at": "2025-07-25T11:19:37.941941+02:00", "transport_id": "a398955b-a419-4ed1-9211-73820a8afce5", "participant_id": "34e2cc92-50f8-45ed-a38d-03791e6ec1ba"}	2025-07-25 11:19:37.941941+02
d10b7b61-883b-403f-9dac-b9fa1dbacb5b	dff612aa-f30c-4a1e-9110-01128161bbb4	DELETE	transport_assignments	441bba8e-9277-48d1-919d-52e3e2ae41ad	{"id": "441bba8e-9277-48d1-919d-52e3e2ae41ad", "created_at": "2025-07-25T11:19:37.391828+02:00", "transport_id": "a398955b-a419-4ed1-9211-73820a8afce5", "participant_id": "6d7697dd-23f1-47cd-9f6a-67f1dc766a5d"}	\N	2025-07-25 11:19:39.631516+02
b50e840b-0b70-4ff0-a4c9-c14cec4a36db	dff612aa-f30c-4a1e-9110-01128161bbb4	DELETE	transport_assignments	7a8935ef-f4b4-4107-bc8a-eec2bba33c94	{"id": "7a8935ef-f4b4-4107-bc8a-eec2bba33c94", "created_at": "2025-07-25T11:19:37.941941+02:00", "transport_id": "a398955b-a419-4ed1-9211-73820a8afce5", "participant_id": "34e2cc92-50f8-45ed-a38d-03791e6ec1ba"}	\N	2025-07-25 11:19:40.327995+02
efd2259c-56d6-4f4b-9edb-1fec98ad3691	dff612aa-f30c-4a1e-9110-01128161bbb4	INSERT	transport_assignments	ce7fecac-32ce-41b5-8ef1-4af21777494e	\N	{"id": "ce7fecac-32ce-41b5-8ef1-4af21777494e", "created_at": "2025-07-25T11:19:41.656268+02:00", "transport_id": "a398955b-a419-4ed1-9211-73820a8afce5", "participant_id": "b181de5e-72f8-4a7e-a1ed-e64775efc869"}	2025-07-25 11:19:41.656268+02
d2ebb949-a49b-461d-9d0a-de5ca1e18a3c	dff612aa-f30c-4a1e-9110-01128161bbb4	DELETE	transport_assignments	bc769728-e5de-461b-879b-0cb1879ea504	{"id": "bc769728-e5de-461b-879b-0cb1879ea504", "created_at": "2025-07-25T08:13:22.295517+02:00", "transport_id": "a398955b-a419-4ed1-9211-73820a8afce5", "participant_id": "93df8322-da8d-4da8-8f1f-d6cd5bad5439"}	\N	2025-07-25 11:47:22.652996+02
ccc419c3-ada6-4f93-9a4b-61b3b15f10d0	dff612aa-f30c-4a1e-9110-01128161bbb4	INSERT	transport_assignments	76252488-5212-474c-9793-0afc64c87dc6	\N	{"id": "76252488-5212-474c-9793-0afc64c87dc6", "created_at": "2025-07-25T11:47:23.075021+02:00", "transport_id": "a398955b-a419-4ed1-9211-73820a8afce5", "participant_id": "93df8322-da8d-4da8-8f1f-d6cd5bad5439"}	2025-07-25 11:47:23.075021+02
5ef07c6b-b1c9-48e4-8557-2bca3c83975d	dff612aa-f30c-4a1e-9110-01128161bbb4	DELETE	transport_assignments	76252488-5212-474c-9793-0afc64c87dc6	{"id": "76252488-5212-474c-9793-0afc64c87dc6", "created_at": "2025-07-25T11:47:23.075021+02:00", "transport_id": "a398955b-a419-4ed1-9211-73820a8afce5", "participant_id": "93df8322-da8d-4da8-8f1f-d6cd5bad5439"}	\N	2025-07-25 11:47:23.902953+02
3c80a5de-1853-4036-ae4f-d556b623efaf	dff612aa-f30c-4a1e-9110-01128161bbb4	INSERT	transport_assignments	3ca98e2f-3db9-4ed7-905f-9b23e7f6eff6	\N	{"id": "3ca98e2f-3db9-4ed7-905f-9b23e7f6eff6", "created_at": "2025-07-25T11:47:25.746945+02:00", "transport_id": "9e90bc5e-d774-4595-8dc1-03b2e1532a9c", "participant_id": "a5fd10e8-c73c-4a9c-9239-a0496bad036f"}	2025-07-25 11:47:25.746945+02
b8781a11-5573-44be-8ca9-b611ec209042	dff612aa-f30c-4a1e-9110-01128161bbb4	INSERT	transport_assignments	6d5f567e-3f98-463e-a25d-da2e1b822f80	\N	{"id": "6d5f567e-3f98-463e-a25d-da2e1b822f80", "created_at": "2025-07-25T11:47:31.205193+02:00", "transport_id": "a398955b-a419-4ed1-9211-73820a8afce5", "participant_id": "a9b7082a-462e-4d18-a00e-f05d2265fda7"}	2025-07-25 11:47:31.205193+02
051c403a-d74f-4ce9-b4df-e127cdb08c6e	dff612aa-f30c-4a1e-9110-01128161bbb4	INSERT	transport_assignments	c04e0d8f-54d4-4c2a-b865-942651267f70	\N	{"id": "c04e0d8f-54d4-4c2a-b865-942651267f70", "created_at": "2025-07-25T11:47:31.728043+02:00", "transport_id": "a398955b-a419-4ed1-9211-73820a8afce5", "participant_id": "93df8322-da8d-4da8-8f1f-d6cd5bad5439"}	2025-07-25 11:47:31.728043+02
4b823e26-56c3-4dc9-8f58-7285cab8fb49	dff612aa-f30c-4a1e-9110-01128161bbb4	INSERT	transport_assignments	9b54f39f-d5d2-42c5-8dbf-2307daf4b6bd	\N	{"id": "9b54f39f-d5d2-42c5-8dbf-2307daf4b6bd", "created_at": "2025-07-25T11:47:32.826128+02:00", "transport_id": "9e90bc5e-d774-4595-8dc1-03b2e1532a9c", "participant_id": "93df8322-da8d-4da8-8f1f-d6cd5bad5439"}	2025-07-25 11:47:32.826128+02
528c8da5-fefd-49cc-8ee7-3a7563bc4656	dff612aa-f30c-4a1e-9110-01128161bbb4	INSERT	transport_assignments	ad8dc0b3-f22d-4694-b9dc-481eff74640c	\N	{"id": "ad8dc0b3-f22d-4694-b9dc-481eff74640c", "created_at": "2025-07-25T11:47:40.868916+02:00", "transport_id": "9e90bc5e-d774-4595-8dc1-03b2e1532a9c", "participant_id": "cd6cd1bf-a2a3-4462-b9b4-dee3a68a29ab"}	2025-07-25 11:47:40.868916+02
cc0dfbe4-8c96-4a12-adb9-92536c748a83	dff612aa-f30c-4a1e-9110-01128161bbb4	INSERT	transport	a9800d31-fa45-404a-9f66-72cc2cb06049	\N	{"id": "a9800d31-fa45-404a-9f66-72cc2cb06049", "type": "Auto Večerci", "notes": null, "price": 900.00, "capacity": 4, "event_id": "dff612aa-f30c-4a1e-9110-01128161bbb4", "created_at": "2025-07-25T11:50:51.821458+02:00", "updated_at": "2025-07-25T11:50:51.821458+02:00", "departure_time": "13:10", "arrival_location": "Chata", "departure_location": "Kroměříž", "intermediate_stops": []}	2025-07-25 11:50:51.821458+02
7a0cf8ac-7b5e-4e0c-b876-d931f2652a2e	dff612aa-f30c-4a1e-9110-01128161bbb4	DELETE	transport_assignments	11883ce4-dad0-43fe-ab9d-cf6a116c9a5a	{"id": "11883ce4-dad0-43fe-ab9d-cf6a116c9a5a", "created_at": "2025-07-25T08:06:32.504071+02:00", "transport_id": "9e90bc5e-d774-4595-8dc1-03b2e1532a9c", "participant_id": "a9b7082a-462e-4d18-a00e-f05d2265fda7"}	\N	2025-07-25 11:50:56.32409+02
c2641c51-7aca-41f7-937e-778659621eaf	dff612aa-f30c-4a1e-9110-01128161bbb4	DELETE	transport_assignments	9b54f39f-d5d2-42c5-8dbf-2307daf4b6bd	{"id": "9b54f39f-d5d2-42c5-8dbf-2307daf4b6bd", "created_at": "2025-07-25T11:47:32.826128+02:00", "transport_id": "9e90bc5e-d774-4595-8dc1-03b2e1532a9c", "participant_id": "93df8322-da8d-4da8-8f1f-d6cd5bad5439"}	\N	2025-07-25 11:50:56.651617+02
37664339-fe4e-4045-ac9d-80d7add5a5b9	dff612aa-f30c-4a1e-9110-01128161bbb4	DELETE	transport_assignments	3ca98e2f-3db9-4ed7-905f-9b23e7f6eff6	{"id": "3ca98e2f-3db9-4ed7-905f-9b23e7f6eff6", "created_at": "2025-07-25T11:47:25.746945+02:00", "transport_id": "9e90bc5e-d774-4595-8dc1-03b2e1532a9c", "participant_id": "a5fd10e8-c73c-4a9c-9239-a0496bad036f"}	\N	2025-07-25 11:50:57.275158+02
30892926-1296-4cc0-a101-29f80b57fbad	dff612aa-f30c-4a1e-9110-01128161bbb4	DELETE	transport_assignments	6f48a608-fe0b-4956-9314-c773abc75f75	{"id": "6f48a608-fe0b-4956-9314-c773abc75f75", "created_at": "2025-07-25T10:06:40.027712+02:00", "transport_id": "9e90bc5e-d774-4595-8dc1-03b2e1532a9c", "participant_id": "6d7697dd-23f1-47cd-9f6a-67f1dc766a5d"}	\N	2025-07-25 11:50:57.727433+02
61549ad2-3d10-40c6-ab5f-d0c69eb989b7	dff612aa-f30c-4a1e-9110-01128161bbb4	DELETE	transport_assignments	e3aa431f-6214-4435-9773-5e2d96ab23f6	{"id": "e3aa431f-6214-4435-9773-5e2d96ab23f6", "created_at": "2025-07-25T10:28:43.77879+02:00", "transport_id": "9e90bc5e-d774-4595-8dc1-03b2e1532a9c", "participant_id": "34e2cc92-50f8-45ed-a38d-03791e6ec1ba"}	\N	2025-07-25 11:50:58.383078+02
29a56fb0-07a1-4e41-8b2d-8c83e8f744b9	dff612aa-f30c-4a1e-9110-01128161bbb4	DELETE	transport_assignments	32268af9-8a06-448c-bcda-9809038f8052	{"id": "32268af9-8a06-448c-bcda-9809038f8052", "created_at": "2025-07-25T10:28:45.816541+02:00", "transport_id": "9e90bc5e-d774-4595-8dc1-03b2e1532a9c", "participant_id": "50efc093-8a8b-443f-82a6-061a65dcd6df"}	\N	2025-07-25 11:50:58.994578+02
235617e8-bcd2-4ec7-8f57-e4a36635732d	dff612aa-f30c-4a1e-9110-01128161bbb4	DELETE	transport_assignments	ad8dc0b3-f22d-4694-b9dc-481eff74640c	{"id": "ad8dc0b3-f22d-4694-b9dc-481eff74640c", "created_at": "2025-07-25T11:47:40.868916+02:00", "transport_id": "9e90bc5e-d774-4595-8dc1-03b2e1532a9c", "participant_id": "cd6cd1bf-a2a3-4462-b9b4-dee3a68a29ab"}	\N	2025-07-25 11:50:59.407848+02
67ee2023-dc98-4e19-bff5-8ea6de302c33	dff612aa-f30c-4a1e-9110-01128161bbb4	DELETE	transport_assignments	ff2ecb90-99ed-4b03-8f46-bd7dfe52c7d7	{"id": "ff2ecb90-99ed-4b03-8f46-bd7dfe52c7d7", "created_at": "2025-07-25T11:19:32.367564+02:00", "transport_id": "a398955b-a419-4ed1-9211-73820a8afce5", "participant_id": "2c6bc385-a3c3-41eb-b2b4-caddd17b12ce"}	\N	2025-07-25 11:51:00.296032+02
eca46e33-bd7f-4684-a2a0-0c69829047fc	dff612aa-f30c-4a1e-9110-01128161bbb4	DELETE	transport_assignments	6d5f567e-3f98-463e-a25d-da2e1b822f80	{"id": "6d5f567e-3f98-463e-a25d-da2e1b822f80", "created_at": "2025-07-25T11:47:31.205193+02:00", "transport_id": "a398955b-a419-4ed1-9211-73820a8afce5", "participant_id": "a9b7082a-462e-4d18-a00e-f05d2265fda7"}	\N	2025-07-25 11:51:01.063229+02
9009de11-da7c-446c-ac5a-ec1d0b548b39	dff612aa-f30c-4a1e-9110-01128161bbb4	DELETE	transport_assignments	c04e0d8f-54d4-4c2a-b865-942651267f70	{"id": "c04e0d8f-54d4-4c2a-b865-942651267f70", "created_at": "2025-07-25T11:47:31.728043+02:00", "transport_id": "a398955b-a419-4ed1-9211-73820a8afce5", "participant_id": "93df8322-da8d-4da8-8f1f-d6cd5bad5439"}	\N	2025-07-25 11:51:01.480684+02
95750571-0528-41d6-af45-8644d64d85ea	dff612aa-f30c-4a1e-9110-01128161bbb4	DELETE	transport_assignments	5c926a9c-5d26-422b-bbc7-21322408cf86	{"id": "5c926a9c-5d26-422b-bbc7-21322408cf86", "created_at": "2025-07-25T11:19:27.160064+02:00", "transport_id": "a398955b-a419-4ed1-9211-73820a8afce5", "participant_id": "a5fd10e8-c73c-4a9c-9239-a0496bad036f"}	\N	2025-07-25 11:51:01.850407+02
629a5e33-9b19-4fe5-8349-4b93fbe3f66c	dff612aa-f30c-4a1e-9110-01128161bbb4	DELETE	transport_assignments	31350eef-7745-458a-8d08-8ef933075c91	{"id": "31350eef-7745-458a-8d08-8ef933075c91", "created_at": "2025-07-25T10:05:38.955426+02:00", "transport_id": "a398955b-a419-4ed1-9211-73820a8afce5", "participant_id": "1c426e54-ea3d-4bb8-903b-65f12e6e02ad"}	\N	2025-07-25 11:51:02.461587+02
ce81708a-2540-4361-ac55-debd2c2fcdd1	dff612aa-f30c-4a1e-9110-01128161bbb4	DELETE	transport_assignments	d145bb12-d7fa-4b37-9305-0c9d4e695f7f	{"id": "d145bb12-d7fa-4b37-9305-0c9d4e695f7f", "created_at": "2025-07-25T10:05:35.261598+02:00", "transport_id": "a398955b-a419-4ed1-9211-73820a8afce5", "participant_id": "f90993d6-1657-482a-983f-eee5734a8387"}	\N	2025-07-25 11:51:02.849034+02
8c781927-7d07-4cc6-bd8a-d87d3ee9d832	dff612aa-f30c-4a1e-9110-01128161bbb4	DELETE	transport_assignments	ce7fecac-32ce-41b5-8ef1-4af21777494e	{"id": "ce7fecac-32ce-41b5-8ef1-4af21777494e", "created_at": "2025-07-25T11:19:41.656268+02:00", "transport_id": "a398955b-a419-4ed1-9211-73820a8afce5", "participant_id": "b181de5e-72f8-4a7e-a1ed-e64775efc869"}	\N	2025-07-25 11:51:03.752845+02
a9d2d622-158e-40da-b459-eb96c030fcfe	dff612aa-f30c-4a1e-9110-01128161bbb4	DELETE	transport_assignments	183bcdff-242e-4312-a94c-310be814241b	{"id": "183bcdff-242e-4312-a94c-310be814241b", "created_at": "2025-07-25T10:05:55.061882+02:00", "transport_id": "a398955b-a419-4ed1-9211-73820a8afce5", "participant_id": "7b8209c2-4b44-4e70-adad-4543abe0d422"}	\N	2025-07-25 11:51:04.407221+02
e22d5588-ce85-4683-b27c-02d58ea697e9	dff612aa-f30c-4a1e-9110-01128161bbb4	DELETE	transport_assignments	e5d30b3a-85b9-4c4e-9272-cfc98c02c961	{"id": "e5d30b3a-85b9-4c4e-9272-cfc98c02c961", "created_at": "2025-07-25T10:05:46.905892+02:00", "transport_id": "a398955b-a419-4ed1-9211-73820a8afce5", "participant_id": "a41f0ec8-9ea6-48f6-8bcd-9a347bf8cb80"}	\N	2025-07-25 11:51:04.774185+02
1723efcf-9650-4630-8918-bc023a76eb62	dff612aa-f30c-4a1e-9110-01128161bbb4	DELETE	transport_assignments	1afd03c6-514d-4a01-a004-2228725bc024	{"id": "1afd03c6-514d-4a01-a004-2228725bc024", "created_at": "2025-07-25T10:05:41.798791+02:00", "transport_id": "a398955b-a419-4ed1-9211-73820a8afce5", "participant_id": "a1e2cb39-3784-4ae8-be2e-697bc39d3d00"}	\N	2025-07-25 11:51:05.462913+02
3c0b3578-96d7-4917-bd91-62f1e2846c97	dff612aa-f30c-4a1e-9110-01128161bbb4	DELETE	transport_assignments	149ea0e5-ceee-4b20-bb65-e3d7f6121466	{"id": "149ea0e5-ceee-4b20-bb65-e3d7f6121466", "created_at": "2025-07-25T08:13:24.436721+02:00", "transport_id": "a398955b-a419-4ed1-9211-73820a8afce5", "participant_id": "7692c755-ab1f-4279-8273-c7ff3e5b61c9"}	\N	2025-07-25 11:51:06.208162+02
1d466cea-d03a-4708-bc45-55d6ce40dafd	dff612aa-f30c-4a1e-9110-01128161bbb4	INSERT	transport_assignments	44410613-660f-4d88-b43e-e9a360cf5310	\N	{"id": "44410613-660f-4d88-b43e-e9a360cf5310", "created_at": "2025-07-25T11:51:12.150496+02:00", "transport_id": "a9800d31-fa45-404a-9f66-72cc2cb06049", "participant_id": "a41f0ec8-9ea6-48f6-8bcd-9a347bf8cb80"}	2025-07-25 11:51:12.150496+02
6c5ca078-ec7e-42f8-bb45-5416a7486229	dff612aa-f30c-4a1e-9110-01128161bbb4	INSERT	transport_assignments	15806567-86aa-4c4f-a78d-f6cbfd38abef	\N	{"id": "15806567-86aa-4c4f-a78d-f6cbfd38abef", "created_at": "2025-07-25T11:51:23.852806+02:00", "transport_id": "a9800d31-fa45-404a-9f66-72cc2cb06049", "participant_id": "7b8209c2-4b44-4e70-adad-4543abe0d422"}	2025-07-25 11:51:23.852806+02
fa516e3f-192a-428a-9b4e-f077fddbae74	dff612aa-f30c-4a1e-9110-01128161bbb4	INSERT	transport_assignments	4ed8ce26-a433-41c6-b9e9-174fa671181e	\N	{"id": "4ed8ce26-a433-41c6-b9e9-174fa671181e", "created_at": "2025-07-25T11:51:49.962408+02:00", "transport_id": "a9800d31-fa45-404a-9f66-72cc2cb06049", "participant_id": "f90993d6-1657-482a-983f-eee5734a8387"}	2025-07-25 11:51:49.962408+02
58fc6718-0f22-4cad-b424-17517297bc1e	dff612aa-f30c-4a1e-9110-01128161bbb4	INSERT	transport_assignments	c18f8f46-9d58-4075-8e1b-b29455202094	\N	{"id": "c18f8f46-9d58-4075-8e1b-b29455202094", "created_at": "2025-07-25T11:51:50.832523+02:00", "transport_id": "a9800d31-fa45-404a-9f66-72cc2cb06049", "participant_id": "07fc1037-95e5-4213-a216-e887869a7cb4"}	2025-07-25 11:51:50.832523+02
82440ea0-39e6-43fc-8513-b571b6921ec8	dff612aa-f30c-4a1e-9110-01128161bbb4	INSERT	transport_assignments	8b504db1-93f0-40ba-8ae2-0987d622cec2	\N	{"id": "8b504db1-93f0-40ba-8ae2-0987d622cec2", "created_at": "2025-07-25T11:51:57.139144+02:00", "transport_id": "9e90bc5e-d774-4595-8dc1-03b2e1532a9c", "participant_id": "a9b7082a-462e-4d18-a00e-f05d2265fda7"}	2025-07-25 11:51:57.139144+02
0f5287b4-68ee-4268-9816-caf872c3ec18	dff612aa-f30c-4a1e-9110-01128161bbb4	INSERT	transport_assignments	8d1d7c4e-70c9-4499-9eb7-bdd17993f008	\N	{"id": "8d1d7c4e-70c9-4499-9eb7-bdd17993f008", "created_at": "2025-07-25T11:52:03.675258+02:00", "transport_id": "9e90bc5e-d774-4595-8dc1-03b2e1532a9c", "participant_id": "6d7697dd-23f1-47cd-9f6a-67f1dc766a5d"}	2025-07-25 11:52:03.675258+02
3d415ee7-4074-40ea-ba7e-c85ed1a67dcc	dff612aa-f30c-4a1e-9110-01128161bbb4	INSERT	transport_assignments	1e7f8cfd-329b-41c5-b49e-e7d6914d5b31	\N	{"id": "1e7f8cfd-329b-41c5-b49e-e7d6914d5b31", "created_at": "2025-07-25T11:52:06.341834+02:00", "transport_id": "a398955b-a419-4ed1-9211-73820a8afce5", "participant_id": "2c6bc385-a3c3-41eb-b2b4-caddd17b12ce"}	2025-07-25 11:52:06.341834+02
a3819976-9a88-49b7-8855-0a9afadd8de6	dff612aa-f30c-4a1e-9110-01128161bbb4	INSERT	transport_assignments	33c9b42a-85b1-469d-bb41-297d13071061	\N	{"id": "33c9b42a-85b1-469d-bb41-297d13071061", "created_at": "2025-07-25T11:52:06.945657+02:00", "transport_id": "a398955b-a419-4ed1-9211-73820a8afce5", "participant_id": "7692c755-ab1f-4279-8273-c7ff3e5b61c9"}	2025-07-25 11:52:06.945657+02
d71bf309-337d-4b88-9c21-095b95ae6037	dff612aa-f30c-4a1e-9110-01128161bbb4	INSERT	transport_assignments	d8b6b59c-35ef-4a1a-b526-ae2304583ba2	\N	{"id": "d8b6b59c-35ef-4a1a-b526-ae2304583ba2", "created_at": "2025-07-25T11:52:07.649906+02:00", "transport_id": "a398955b-a419-4ed1-9211-73820a8afce5", "participant_id": "93df8322-da8d-4da8-8f1f-d6cd5bad5439"}	2025-07-25 11:52:07.649906+02
b90165a4-c8e7-4803-82ce-94589c8ce89c	dff612aa-f30c-4a1e-9110-01128161bbb4	INSERT	transport_assignments	5675998e-e16a-4193-a4e2-ddca7f15936a	\N	{"id": "5675998e-e16a-4193-a4e2-ddca7f15936a", "created_at": "2025-07-25T11:52:08.380287+02:00", "transport_id": "a398955b-a419-4ed1-9211-73820a8afce5", "participant_id": "a5fd10e8-c73c-4a9c-9239-a0496bad036f"}	2025-07-25 11:52:08.380287+02
91b47917-0939-4506-9c83-341d08cb8f36	dff612aa-f30c-4a1e-9110-01128161bbb4	INSERT	transport_assignments	07684d9b-ffd5-44f4-a770-7ef91eb84c33	\N	{"id": "07684d9b-ffd5-44f4-a770-7ef91eb84c33", "created_at": "2025-07-25T11:52:09.187845+02:00", "transport_id": "a398955b-a419-4ed1-9211-73820a8afce5", "participant_id": "1c426e54-ea3d-4bb8-903b-65f12e6e02ad"}	2025-07-25 11:52:09.187845+02
4f1b10f7-ffbe-4517-95c6-3e6777f196cd	dff612aa-f30c-4a1e-9110-01128161bbb4	INSERT	transport_assignments	2c05615f-1739-4589-a901-412ca45d7bc5	\N	{"id": "2c05615f-1739-4589-a901-412ca45d7bc5", "created_at": "2025-07-25T11:52:10.579187+02:00", "transport_id": "a398955b-a419-4ed1-9211-73820a8afce5", "participant_id": "a1e2cb39-3784-4ae8-be2e-697bc39d3d00"}	2025-07-25 11:52:10.579187+02
c2ba79ec-3e40-43bf-a03c-a71590aaac09	dff612aa-f30c-4a1e-9110-01128161bbb4	INSERT	transport_assignments	c1d35c40-3065-42cf-bf79-efeb8ad41bb7	\N	{"id": "c1d35c40-3065-42cf-bf79-efeb8ad41bb7", "created_at": "2025-07-25T11:52:11.150397+02:00", "transport_id": "a398955b-a419-4ed1-9211-73820a8afce5", "participant_id": "34e2cc92-50f8-45ed-a38d-03791e6ec1ba"}	2025-07-25 11:52:11.150397+02
d12cc513-80d7-4376-89ec-72d278b965b6	dff612aa-f30c-4a1e-9110-01128161bbb4	INSERT	transport_assignments	cdda9466-416d-4b5f-8a11-a9b711f29c8b	\N	{"id": "cdda9466-416d-4b5f-8a11-a9b711f29c8b", "created_at": "2025-07-25T11:52:14.981953+02:00", "transport_id": "a398955b-a419-4ed1-9211-73820a8afce5", "participant_id": "6d7697dd-23f1-47cd-9f6a-67f1dc766a5d"}	2025-07-25 11:52:14.981953+02
2f5a8118-edbf-4903-879f-49e21c5d6509	dff612aa-f30c-4a1e-9110-01128161bbb4	DELETE	transport_assignments	cdda9466-416d-4b5f-8a11-a9b711f29c8b	{"id": "cdda9466-416d-4b5f-8a11-a9b711f29c8b", "created_at": "2025-07-25T11:52:14.981953+02:00", "transport_id": "a398955b-a419-4ed1-9211-73820a8afce5", "participant_id": "6d7697dd-23f1-47cd-9f6a-67f1dc766a5d"}	\N	2025-07-25 11:52:17.220197+02
230e6a6f-8c1a-4423-aa15-9ac5bcc92452	dff612aa-f30c-4a1e-9110-01128161bbb4	INSERT	transport_assignments	d384d32c-0550-478d-9598-0d309e79d77a	\N	{"id": "d384d32c-0550-478d-9598-0d309e79d77a", "created_at": "2025-07-25T11:52:18.734523+02:00", "transport_id": "a398955b-a419-4ed1-9211-73820a8afce5", "participant_id": "6d7697dd-23f1-47cd-9f6a-67f1dc766a5d"}	2025-07-25 11:52:18.734523+02
999f5145-b2bf-416e-afd0-9d3cc1a2b8c4	dff612aa-f30c-4a1e-9110-01128161bbb4	DELETE	transport_assignments	d384d32c-0550-478d-9598-0d309e79d77a	{"id": "d384d32c-0550-478d-9598-0d309e79d77a", "created_at": "2025-07-25T11:52:18.734523+02:00", "transport_id": "a398955b-a419-4ed1-9211-73820a8afce5", "participant_id": "6d7697dd-23f1-47cd-9f6a-67f1dc766a5d"}	\N	2025-07-25 11:52:19.687572+02
86f401ef-84d4-49a0-8b52-840c0b45e9de	dff612aa-f30c-4a1e-9110-01128161bbb4	INSERT	transport_assignments	8ec7c956-3523-4e9a-a605-daf443ea06ea	\N	{"id": "8ec7c956-3523-4e9a-a605-daf443ea06ea", "created_at": "2025-07-25T11:52:21.907531+02:00", "transport_id": "a398955b-a419-4ed1-9211-73820a8afce5", "participant_id": "b181de5e-72f8-4a7e-a1ed-e64775efc869"}	2025-07-25 11:52:21.907531+02
4c596372-a2a4-4e83-98c0-8be85ca0821d	dff612aa-f30c-4a1e-9110-01128161bbb4	INSERT	transport_assignments	5de9b63f-67f3-42a3-9850-c51caf2dca6d	\N	{"id": "5de9b63f-67f3-42a3-9850-c51caf2dca6d", "created_at": "2025-07-25T11:52:24.218028+02:00", "transport_id": "a398955b-a419-4ed1-9211-73820a8afce5", "participant_id": "50efc093-8a8b-443f-82a6-061a65dcd6df"}	2025-07-25 11:52:24.218028+02
6d074945-a454-4bab-9c6b-6e7655f964ae	dff612aa-f30c-4a1e-9110-01128161bbb4	INSERT	transport_assignments	c89c84ec-9c3a-4e13-bb9c-dc93469430ff	\N	{"id": "c89c84ec-9c3a-4e13-bb9c-dc93469430ff", "created_at": "2025-07-25T12:27:45.798033+02:00", "transport_id": "9e90bc5e-d774-4595-8dc1-03b2e1532a9c", "participant_id": "7692c755-ab1f-4279-8273-c7ff3e5b61c9"}	2025-07-25 12:27:45.798033+02
debfa588-8458-422c-89ed-f9d269913364	dff612aa-f30c-4a1e-9110-01128161bbb4	DELETE	transport_assignments	c89c84ec-9c3a-4e13-bb9c-dc93469430ff	{"id": "c89c84ec-9c3a-4e13-bb9c-dc93469430ff", "created_at": "2025-07-25T12:27:45.798033+02:00", "transport_id": "9e90bc5e-d774-4595-8dc1-03b2e1532a9c", "participant_id": "7692c755-ab1f-4279-8273-c7ff3e5b61c9"}	\N	2025-07-25 12:27:46.301465+02
5d16bc60-4060-4ee8-a0f7-5c54425a4a2e	dff612aa-f30c-4a1e-9110-01128161bbb4	INSERT	transport_assignments	214579ac-2ac3-4d99-8449-666d97b1f048	\N	{"id": "214579ac-2ac3-4d99-8449-666d97b1f048", "created_at": "2025-07-25T12:27:50.77905+02:00", "transport_id": "9e90bc5e-d774-4595-8dc1-03b2e1532a9c", "participant_id": "93df8322-da8d-4da8-8f1f-d6cd5bad5439"}	2025-07-25 12:27:50.77905+02
1125a7df-aa42-4574-b88c-1b8075f844ea	dff612aa-f30c-4a1e-9110-01128161bbb4	DELETE	transport_assignments	214579ac-2ac3-4d99-8449-666d97b1f048	{"id": "214579ac-2ac3-4d99-8449-666d97b1f048", "created_at": "2025-07-25T12:27:50.77905+02:00", "transport_id": "9e90bc5e-d774-4595-8dc1-03b2e1532a9c", "participant_id": "93df8322-da8d-4da8-8f1f-d6cd5bad5439"}	\N	2025-07-25 12:27:51.988131+02
d2dc7bca-b568-48d5-a762-88e8a8cba397	dff612aa-f30c-4a1e-9110-01128161bbb4	INSERT	transport_assignments	fdfbae45-0a8e-4ef5-8cfd-f05e1dcfbe37	\N	{"id": "fdfbae45-0a8e-4ef5-8cfd-f05e1dcfbe37", "created_at": "2025-07-25T12:27:52.88502+02:00", "transport_id": "9e90bc5e-d774-4595-8dc1-03b2e1532a9c", "participant_id": "a5fd10e8-c73c-4a9c-9239-a0496bad036f"}	2025-07-25 12:27:52.88502+02
80a7a8d1-9b04-4f1c-aeaf-187778c72673	dff612aa-f30c-4a1e-9110-01128161bbb4	DELETE	transport_assignments	fdfbae45-0a8e-4ef5-8cfd-f05e1dcfbe37	{"id": "fdfbae45-0a8e-4ef5-8cfd-f05e1dcfbe37", "created_at": "2025-07-25T12:27:52.88502+02:00", "transport_id": "9e90bc5e-d774-4595-8dc1-03b2e1532a9c", "participant_id": "a5fd10e8-c73c-4a9c-9239-a0496bad036f"}	\N	2025-07-25 12:27:53.590863+02
4bbcf480-655f-4c32-9656-4a3a20bbb9d9	dff612aa-f30c-4a1e-9110-01128161bbb4	DELETE	transport_assignments	8b504db1-93f0-40ba-8ae2-0987d622cec2	{"id": "8b504db1-93f0-40ba-8ae2-0987d622cec2", "created_at": "2025-07-25T11:51:57.139144+02:00", "transport_id": "9e90bc5e-d774-4595-8dc1-03b2e1532a9c", "participant_id": "a9b7082a-462e-4d18-a00e-f05d2265fda7"}	\N	2025-07-25 12:27:54.945618+02
6f0ce182-026f-42ff-87e5-dc33567397cf	dff612aa-f30c-4a1e-9110-01128161bbb4	INSERT	transport_assignments	e1473437-c7bb-4cbf-9519-de8914da0190	\N	{"id": "e1473437-c7bb-4cbf-9519-de8914da0190", "created_at": "2025-07-25T12:27:55.769962+02:00", "transport_id": "9e90bc5e-d774-4595-8dc1-03b2e1532a9c", "participant_id": "a9b7082a-462e-4d18-a00e-f05d2265fda7"}	2025-07-25 12:27:55.769962+02
e78a9205-a6a1-47a0-a601-85dd5256b6db	dff612aa-f30c-4a1e-9110-01128161bbb4	UPDATE	participants	93df8322-da8d-4da8-8f1f-d6cd5bad5439	{"id": "93df8322-da8d-4da8-8f1f-d6cd5bad5439", "name": "Zapadáček", "notes": null, "phone": null, "event_id": "dff612aa-f30c-4a1e-9110-01128161bbb4", "created_at": "2025-07-25T08:03:14.234362+02:00", "updated_at": "2025-07-25T08:03:14.234362+02:00", "staying_full_time": true}	{"id": "93df8322-da8d-4da8-8f1f-d6cd5bad5439", "name": "Zapadáček", "notes": null, "phone": null, "event_id": "dff612aa-f30c-4a1e-9110-01128161bbb4", "created_at": "2025-07-25T08:03:14.234362+02:00", "updated_at": "2025-07-25T12:37:18.106229+02:00", "staying_full_time": true}	2025-07-25 12:37:18.106229+02
1aa049fd-2b4b-41a4-a90d-e14988ec9070	dff612aa-f30c-4a1e-9110-01128161bbb4	INSERT	transport_assignments	8b0f6953-a850-45ff-80ba-9be93010a956	\N	{"id": "8b0f6953-a850-45ff-80ba-9be93010a956", "created_at": "2025-07-25T12:52:50.886667+02:00", "transport_id": "a9800d31-fa45-404a-9f66-72cc2cb06049", "participant_id": "50efc093-8a8b-443f-82a6-061a65dcd6df"}	2025-07-25 12:52:50.886667+02
f8b67764-9864-4dc5-9191-71f4b912e8e1	dff612aa-f30c-4a1e-9110-01128161bbb4	DELETE	transport_assignments	8b0f6953-a850-45ff-80ba-9be93010a956	{"id": "8b0f6953-a850-45ff-80ba-9be93010a956", "created_at": "2025-07-25T12:52:50.886667+02:00", "transport_id": "a9800d31-fa45-404a-9f66-72cc2cb06049", "participant_id": "50efc093-8a8b-443f-82a6-061a65dcd6df"}	\N	2025-07-25 12:52:51.743211+02
b4507d6b-c904-4969-944f-7176bbba6d5d	dff612aa-f30c-4a1e-9110-01128161bbb4	DELETE	transport_assignments	c18f8f46-9d58-4075-8e1b-b29455202094	{"id": "c18f8f46-9d58-4075-8e1b-b29455202094", "created_at": "2025-07-25T11:51:50.832523+02:00", "transport_id": "a9800d31-fa45-404a-9f66-72cc2cb06049", "participant_id": "07fc1037-95e5-4213-a216-e887869a7cb4"}	\N	2025-07-25 12:52:53.145219+02
74d2694f-d745-4c0a-917f-647c023b416e	dff612aa-f30c-4a1e-9110-01128161bbb4	INSERT	transport_assignments	030ceab1-8fc9-4d7b-b25e-4b0cae91f5d7	\N	{"id": "030ceab1-8fc9-4d7b-b25e-4b0cae91f5d7", "created_at": "2025-07-25T12:52:54.15262+02:00", "transport_id": "a9800d31-fa45-404a-9f66-72cc2cb06049", "participant_id": "07fc1037-95e5-4213-a216-e887869a7cb4"}	2025-07-25 12:52:54.15262+02
745d24e8-b105-48e5-aade-0231d02a1277	dff612aa-f30c-4a1e-9110-01128161bbb4	DELETE	participants	cd6cd1bf-a2a3-4462-b9b4-dee3a68a29ab	{"id": "cd6cd1bf-a2a3-4462-b9b4-dee3a68a29ab", "name": "ZKOUŠKA, ZKOUŠKA", "notes": null, "phone": null, "event_id": "dff612aa-f30c-4a1e-9110-01128161bbb4", "created_at": "2025-07-25T11:16:08.098299+02:00", "updated_at": "2025-07-25T11:16:08.098299+02:00", "staying_full_time": true}	\N	2025-07-25 12:53:04.102016+02
0e7fe5d0-0692-4cbb-9004-5eb148143a60	dff612aa-f30c-4a1e-9110-01128161bbb4	DELETE	participants	b181de5e-72f8-4a7e-a1ed-e64775efc869	{"id": "b181de5e-72f8-4a7e-a1ed-e64775efc869", "name": "TAFROB CHECK", "notes": "TAFROB CHECK", "phone": null, "event_id": "dff612aa-f30c-4a1e-9110-01128161bbb4", "created_at": "2025-07-25T11:15:44.482559+02:00", "updated_at": "2025-07-25T11:15:44.482559+02:00", "staying_full_time": true}	\N	2025-07-25 12:53:11.381479+02
4f7186da-ebf9-4207-9f03-edc1c22c36c8	dff612aa-f30c-4a1e-9110-01128161bbb4	DELETE	transport_assignments	8ec7c956-3523-4e9a-a605-daf443ea06ea	{"id": "8ec7c956-3523-4e9a-a605-daf443ea06ea", "created_at": "2025-07-25T11:52:21.907531+02:00", "transport_id": "a398955b-a419-4ed1-9211-73820a8afce5", "participant_id": "b181de5e-72f8-4a7e-a1ed-e64775efc869"}	\N	2025-07-25 12:53:11.381479+02
ac4a4f45-9d17-482c-af55-faaf19cabf29	dff612aa-f30c-4a1e-9110-01128161bbb4	INSERT	transport_assignments	dca85772-9e05-42a1-b164-04594f0913eb	\N	{"id": "dca85772-9e05-42a1-b164-04594f0913eb", "created_at": "2025-07-25T13:27:49.032086+02:00", "transport_id": "a9800d31-fa45-404a-9f66-72cc2cb06049", "participant_id": "50efc093-8a8b-443f-82a6-061a65dcd6df"}	2025-07-25 13:27:49.032086+02
bbeaf581-2b9b-4410-bb27-7f1ad712cf3b	dff612aa-f30c-4a1e-9110-01128161bbb4	DELETE	transport_assignments	dca85772-9e05-42a1-b164-04594f0913eb	{"id": "dca85772-9e05-42a1-b164-04594f0913eb", "created_at": "2025-07-25T13:27:49.032086+02:00", "transport_id": "a9800d31-fa45-404a-9f66-72cc2cb06049", "participant_id": "50efc093-8a8b-443f-82a6-061a65dcd6df"}	\N	2025-07-25 13:27:49.571458+02
b3538b7c-bdc2-4081-8201-d4816e6589a6	dff612aa-f30c-4a1e-9110-01128161bbb4	DELETE	transport_assignments	030ceab1-8fc9-4d7b-b25e-4b0cae91f5d7	{"id": "030ceab1-8fc9-4d7b-b25e-4b0cae91f5d7", "created_at": "2025-07-25T12:52:54.15262+02:00", "transport_id": "a9800d31-fa45-404a-9f66-72cc2cb06049", "participant_id": "07fc1037-95e5-4213-a216-e887869a7cb4"}	\N	2025-07-25 13:27:50.567855+02
4db1aab5-04cd-4f9f-8277-6df114827132	dff612aa-f30c-4a1e-9110-01128161bbb4	INSERT	transport_assignments	60e7fb5d-2bbf-4948-be8d-5bcc22f9b8a3	\N	{"id": "60e7fb5d-2bbf-4948-be8d-5bcc22f9b8a3", "created_at": "2025-07-25T13:27:51.539614+02:00", "transport_id": "a9800d31-fa45-404a-9f66-72cc2cb06049", "participant_id": "a9b7082a-462e-4d18-a00e-f05d2265fda7"}	2025-07-25 13:27:51.539614+02
1f10c46d-a9b1-4d7c-ab7c-253198b0452f	dff612aa-f30c-4a1e-9110-01128161bbb4	DELETE	transport_assignments	60e7fb5d-2bbf-4948-be8d-5bcc22f9b8a3	{"id": "60e7fb5d-2bbf-4948-be8d-5bcc22f9b8a3", "created_at": "2025-07-25T13:27:51.539614+02:00", "transport_id": "a9800d31-fa45-404a-9f66-72cc2cb06049", "participant_id": "a9b7082a-462e-4d18-a00e-f05d2265fda7"}	\N	2025-07-25 13:27:52.278493+02
8877cf27-f7b9-46d0-bb09-40f30071cdef	dff612aa-f30c-4a1e-9110-01128161bbb4	INSERT	transport_assignments	69eff940-93f7-4d8b-83be-c71d9a3201cc	\N	{"id": "69eff940-93f7-4d8b-83be-c71d9a3201cc", "created_at": "2025-07-25T13:27:53.486564+02:00", "transport_id": "a9800d31-fa45-404a-9f66-72cc2cb06049", "participant_id": "07fc1037-95e5-4213-a216-e887869a7cb4"}	2025-07-25 13:27:53.486564+02
6f412fa6-68e2-48d6-a115-7783614a80e8	dff612aa-f30c-4a1e-9110-01128161bbb4	INSERT	transport_assignments	3d682e55-48cd-426c-b4bb-3b7b7066a4b8	\N	{"id": "3d682e55-48cd-426c-b4bb-3b7b7066a4b8", "created_at": "2025-07-25T13:27:54.632245+02:00", "transport_id": "a9800d31-fa45-404a-9f66-72cc2cb06049", "participant_id": "a9b7082a-462e-4d18-a00e-f05d2265fda7"}	2025-07-25 13:27:54.632245+02
6cef3b24-b2bf-49e7-8fa0-40ea75d42485	dff612aa-f30c-4a1e-9110-01128161bbb4	DELETE	transport_assignments	3d682e55-48cd-426c-b4bb-3b7b7066a4b8	{"id": "3d682e55-48cd-426c-b4bb-3b7b7066a4b8", "created_at": "2025-07-25T13:27:54.632245+02:00", "transport_id": "a9800d31-fa45-404a-9f66-72cc2cb06049", "participant_id": "a9b7082a-462e-4d18-a00e-f05d2265fda7"}	\N	2025-07-25 13:27:55.449208+02
e1f50f5f-fe10-4767-a5fe-6d86c20c7ebf	dff612aa-f30c-4a1e-9110-01128161bbb4	DELETE	transport_assignments	69eff940-93f7-4d8b-83be-c71d9a3201cc	{"id": "69eff940-93f7-4d8b-83be-c71d9a3201cc", "created_at": "2025-07-25T13:27:53.486564+02:00", "transport_id": "a9800d31-fa45-404a-9f66-72cc2cb06049", "participant_id": "07fc1037-95e5-4213-a216-e887869a7cb4"}	\N	2025-07-25 13:27:57.604636+02
543bdad4-93aa-4062-b7bb-ae42e427a8f6	dff612aa-f30c-4a1e-9110-01128161bbb4	INSERT	transport_assignments	58e264dd-558b-4b39-acd9-2c89714bed9b	\N	{"id": "58e264dd-558b-4b39-acd9-2c89714bed9b", "created_at": "2025-07-25T13:27:58.146691+02:00", "transport_id": "a9800d31-fa45-404a-9f66-72cc2cb06049", "participant_id": "07fc1037-95e5-4213-a216-e887869a7cb4"}	2025-07-25 13:27:58.146691+02
efbed37c-2088-44ce-ac50-44fa7243adc1	dff612aa-f30c-4a1e-9110-01128161bbb4	INSERT	participants	e5f5d395-89d4-4904-8e8e-7411637d38df	\N	{"id": "e5f5d395-89d4-4904-8e8e-7411637d38df", "name": "Stáza", "notes": "beru Lorda", "phone": null, "event_id": "dff612aa-f30c-4a1e-9110-01128161bbb4", "created_at": "2025-07-29T17:48:06.982579+02:00", "updated_at": "2025-07-29T17:48:06.982579+02:00", "staying_full_time": true}	2025-07-29 17:48:06.982579+02
1b6f9815-312c-4eb8-8d05-0b30044038ee	dff612aa-f30c-4a1e-9110-01128161bbb4	DELETE	participants	e5f5d395-89d4-4904-8e8e-7411637d38df	{"id": "e5f5d395-89d4-4904-8e8e-7411637d38df", "name": "Stáza", "notes": "beru Lorda", "phone": null, "event_id": "dff612aa-f30c-4a1e-9110-01128161bbb4", "created_at": "2025-07-29T17:48:06.982579+02:00", "updated_at": "2025-07-29T17:48:06.982579+02:00", "staying_full_time": true}	\N	2025-07-29 17:48:21.94156+02
73c36f2c-c3bd-4866-a59a-9cb62621d3ee	dff612aa-f30c-4a1e-9110-01128161bbb4	INSERT	transport_assignments	bc142af2-a185-4633-9b89-8def04004baf	\N	{"id": "bc142af2-a185-4633-9b89-8def04004baf", "created_at": "2025-07-29T17:56:53.468505+02:00", "transport_id": "a398955b-a419-4ed1-9211-73820a8afce5", "participant_id": "a9b7082a-462e-4d18-a00e-f05d2265fda7"}	2025-07-29 17:56:53.468505+02
ff6076f8-497d-4c5a-b7aa-6161b57471c0	dff612aa-f30c-4a1e-9110-01128161bbb4	DELETE	transport_assignments	bc142af2-a185-4633-9b89-8def04004baf	{"id": "bc142af2-a185-4633-9b89-8def04004baf", "created_at": "2025-07-29T17:56:53.468505+02:00", "transport_id": "a398955b-a419-4ed1-9211-73820a8afce5", "participant_id": "a9b7082a-462e-4d18-a00e-f05d2265fda7"}	\N	2025-07-29 17:56:54.604628+02
8da2910c-1c23-4167-824b-dcee88a72d68	dff612aa-f30c-4a1e-9110-01128161bbb4	INSERT	transport_assignments	1ba325eb-3628-4dec-958a-c0dac8d83ef8	\N	{"id": "1ba325eb-3628-4dec-958a-c0dac8d83ef8", "created_at": "2025-07-29T17:56:55.398359+02:00", "transport_id": "a398955b-a419-4ed1-9211-73820a8afce5", "participant_id": "a9b7082a-462e-4d18-a00e-f05d2265fda7"}	2025-07-29 17:56:55.398359+02
5b1aac38-e4b4-4470-b888-4a4e46a9a9c5	dff612aa-f30c-4a1e-9110-01128161bbb4	INSERT	transport_assignments	c4233f80-8d82-4a41-bda2-9aa51c218aa5	\N	{"id": "c4233f80-8d82-4a41-bda2-9aa51c218aa5", "created_at": "2025-07-29T17:56:56.303446+02:00", "transport_id": "a398955b-a419-4ed1-9211-73820a8afce5", "participant_id": "07fc1037-95e5-4213-a216-e887869a7cb4"}	2025-07-29 17:56:56.303446+02
319b1485-666f-46bd-9118-991def9771e5	dff612aa-f30c-4a1e-9110-01128161bbb4	DELETE	transport_assignments	c4233f80-8d82-4a41-bda2-9aa51c218aa5	{"id": "c4233f80-8d82-4a41-bda2-9aa51c218aa5", "created_at": "2025-07-29T17:56:56.303446+02:00", "transport_id": "a398955b-a419-4ed1-9211-73820a8afce5", "participant_id": "07fc1037-95e5-4213-a216-e887869a7cb4"}	\N	2025-07-29 17:56:57.914249+02
dcb7b6d4-cb53-4cd2-a6d2-01036def80f5	dff612aa-f30c-4a1e-9110-01128161bbb4	DELETE	transport_assignments	1ba325eb-3628-4dec-958a-c0dac8d83ef8	{"id": "1ba325eb-3628-4dec-958a-c0dac8d83ef8", "created_at": "2025-07-29T17:56:55.398359+02:00", "transport_id": "a398955b-a419-4ed1-9211-73820a8afce5", "participant_id": "a9b7082a-462e-4d18-a00e-f05d2265fda7"}	\N	2025-07-29 17:56:58.705154+02
fa8b9a72-f107-4139-8496-1fdf730ddb39	dff612aa-f30c-4a1e-9110-01128161bbb4	DELETE	transport_assignments	33c9b42a-85b1-469d-bb41-297d13071061	{"id": "33c9b42a-85b1-469d-bb41-297d13071061", "created_at": "2025-07-25T11:52:06.945657+02:00", "transport_id": "a398955b-a419-4ed1-9211-73820a8afce5", "participant_id": "7692c755-ab1f-4279-8273-c7ff3e5b61c9"}	\N	2025-07-29 17:56:59.247791+02
64fbdf2c-81ef-4dd2-a342-36e09c71e7d2	dff612aa-f30c-4a1e-9110-01128161bbb4	INSERT	transport_assignments	cff0b0a0-5461-42f5-96a8-7136ef7d655f	\N	{"id": "cff0b0a0-5461-42f5-96a8-7136ef7d655f", "created_at": "2025-07-29T17:56:59.8091+02:00", "transport_id": "a398955b-a419-4ed1-9211-73820a8afce5", "participant_id": "07fc1037-95e5-4213-a216-e887869a7cb4"}	2025-07-29 17:56:59.8091+02
ccb56b52-fa0c-4388-a15d-a3227a8292bd	dff612aa-f30c-4a1e-9110-01128161bbb4	INSERT	transport_assignments	0a1d615e-11d1-4459-802c-4a773d49d355	\N	{"id": "0a1d615e-11d1-4459-802c-4a773d49d355", "created_at": "2025-07-29T18:16:55.431416+02:00", "transport_id": "9e90bc5e-d774-4595-8dc1-03b2e1532a9c", "participant_id": "93df8322-da8d-4da8-8f1f-d6cd5bad5439"}	2025-07-29 18:16:55.431416+02
7e854a1c-2c97-48b8-972a-79c7339ce80a	dff612aa-f30c-4a1e-9110-01128161bbb4	INSERT	transport_assignments	c9018dee-0de3-407b-a2d4-0a893227e67b	\N	{"id": "c9018dee-0de3-407b-a2d4-0a893227e67b", "created_at": "2025-07-29T18:16:56.171423+02:00", "transport_id": "9e90bc5e-d774-4595-8dc1-03b2e1532a9c", "participant_id": "a5fd10e8-c73c-4a9c-9239-a0496bad036f"}	2025-07-29 18:16:56.171423+02
fbff3cf0-9108-4f05-aae5-ab561c9cdb5a	dff612aa-f30c-4a1e-9110-01128161bbb4	DELETE	transport_assignments	c9018dee-0de3-407b-a2d4-0a893227e67b	{"id": "c9018dee-0de3-407b-a2d4-0a893227e67b", "created_at": "2025-07-29T18:16:56.171423+02:00", "transport_id": "9e90bc5e-d774-4595-8dc1-03b2e1532a9c", "participant_id": "a5fd10e8-c73c-4a9c-9239-a0496bad036f"}	\N	2025-07-29 18:16:57.129626+02
f92b4ca1-2e11-4a5f-8ec2-c69823fd20d9	dff612aa-f30c-4a1e-9110-01128161bbb4	DELETE	transport_assignments	0a1d615e-11d1-4459-802c-4a773d49d355	{"id": "0a1d615e-11d1-4459-802c-4a773d49d355", "created_at": "2025-07-29T18:16:55.431416+02:00", "transport_id": "9e90bc5e-d774-4595-8dc1-03b2e1532a9c", "participant_id": "93df8322-da8d-4da8-8f1f-d6cd5bad5439"}	\N	2025-07-29 18:16:57.781609+02
4cb9bd8d-738d-4c12-9fa9-70f2fe39b296	dff612aa-f30c-4a1e-9110-01128161bbb4	DELETE	transport_assignments	e1473437-c7bb-4cbf-9519-de8914da0190	{"id": "e1473437-c7bb-4cbf-9519-de8914da0190", "created_at": "2025-07-25T12:27:55.769962+02:00", "transport_id": "9e90bc5e-d774-4595-8dc1-03b2e1532a9c", "participant_id": "a9b7082a-462e-4d18-a00e-f05d2265fda7"}	\N	2025-07-29 18:16:58.199623+02
90526a7d-5993-48ec-bb78-a5dc8ca26eff	dff612aa-f30c-4a1e-9110-01128161bbb4	INSERT	transport_assignments	10087525-57f9-4dfd-a8e3-a3574cd62cf5	\N	{"id": "10087525-57f9-4dfd-a8e3-a3574cd62cf5", "created_at": "2025-07-29T18:19:53.311109+02:00", "transport_id": "a398955b-a419-4ed1-9211-73820a8afce5", "participant_id": "a9b7082a-462e-4d18-a00e-f05d2265fda7"}	2025-07-29 18:19:53.311109+02
2ea56bb1-8049-43bb-bee5-40998157a990	dff612aa-f30c-4a1e-9110-01128161bbb4	INSERT	transport_assignments	4612983c-7460-4e94-862e-6bb5c7a64af0	\N	{"id": "4612983c-7460-4e94-862e-6bb5c7a64af0", "created_at": "2025-07-29T18:19:54.707844+02:00", "transport_id": "a398955b-a419-4ed1-9211-73820a8afce5", "participant_id": "7692c755-ab1f-4279-8273-c7ff3e5b61c9"}	2025-07-29 18:19:54.707844+02
266ebcd2-3631-4f3f-8159-28ef90745863	dff612aa-f30c-4a1e-9110-01128161bbb4	DELETE	transport_assignments	4612983c-7460-4e94-862e-6bb5c7a64af0	{"id": "4612983c-7460-4e94-862e-6bb5c7a64af0", "created_at": "2025-07-29T18:19:54.707844+02:00", "transport_id": "a398955b-a419-4ed1-9211-73820a8afce5", "participant_id": "7692c755-ab1f-4279-8273-c7ff3e5b61c9"}	\N	2025-07-29 18:19:56.294869+02
38a5dcb4-ae1c-4628-877d-f7e4327c3628	dff612aa-f30c-4a1e-9110-01128161bbb4	DELETE	transport_assignments	1e7f8cfd-329b-41c5-b49e-e7d6914d5b31	{"id": "1e7f8cfd-329b-41c5-b49e-e7d6914d5b31", "created_at": "2025-07-25T11:52:06.341834+02:00", "transport_id": "a398955b-a419-4ed1-9211-73820a8afce5", "participant_id": "2c6bc385-a3c3-41eb-b2b4-caddd17b12ce"}	\N	2025-07-29 18:19:57.138982+02
f73a2471-648a-4eb8-bd62-8d3e55a0d592	dff612aa-f30c-4a1e-9110-01128161bbb4	DELETE	transport_assignments	cff0b0a0-5461-42f5-96a8-7136ef7d655f	{"id": "cff0b0a0-5461-42f5-96a8-7136ef7d655f", "created_at": "2025-07-29T17:56:59.8091+02:00", "transport_id": "a398955b-a419-4ed1-9211-73820a8afce5", "participant_id": "07fc1037-95e5-4213-a216-e887869a7cb4"}	\N	2025-07-29 18:19:58.734371+02
1cb7f4ca-be80-46b0-988f-8f265b27eef7	dff612aa-f30c-4a1e-9110-01128161bbb4	DELETE	transport_assignments	10087525-57f9-4dfd-a8e3-a3574cd62cf5	{"id": "10087525-57f9-4dfd-a8e3-a3574cd62cf5", "created_at": "2025-07-29T18:19:53.311109+02:00", "transport_id": "a398955b-a419-4ed1-9211-73820a8afce5", "participant_id": "a9b7082a-462e-4d18-a00e-f05d2265fda7"}	\N	2025-07-29 18:19:59.150986+02
6c656648-6f84-4449-a0b6-21ce531823e5	dff612aa-f30c-4a1e-9110-01128161bbb4	DELETE	transport_assignments	d8b6b59c-35ef-4a1a-b526-ae2304583ba2	{"id": "d8b6b59c-35ef-4a1a-b526-ae2304583ba2", "created_at": "2025-07-25T11:52:07.649906+02:00", "transport_id": "a398955b-a419-4ed1-9211-73820a8afce5", "participant_id": "93df8322-da8d-4da8-8f1f-d6cd5bad5439"}	\N	2025-07-29 18:19:59.533372+02
0f3ae2eb-bf44-4c29-8a6f-4ae180712ed9	dff612aa-f30c-4a1e-9110-01128161bbb4	DELETE	transport_assignments	5675998e-e16a-4193-a4e2-ddca7f15936a	{"id": "5675998e-e16a-4193-a4e2-ddca7f15936a", "created_at": "2025-07-25T11:52:08.380287+02:00", "transport_id": "a398955b-a419-4ed1-9211-73820a8afce5", "participant_id": "a5fd10e8-c73c-4a9c-9239-a0496bad036f"}	\N	2025-07-29 18:19:59.947039+02
9332c782-e654-40bc-85d5-fb96517b894d	dff612aa-f30c-4a1e-9110-01128161bbb4	DELETE	transport_assignments	07684d9b-ffd5-44f4-a770-7ef91eb84c33	{"id": "07684d9b-ffd5-44f4-a770-7ef91eb84c33", "created_at": "2025-07-25T11:52:09.187845+02:00", "transport_id": "a398955b-a419-4ed1-9211-73820a8afce5", "participant_id": "1c426e54-ea3d-4bb8-903b-65f12e6e02ad"}	\N	2025-07-29 18:20:00.380574+02
5f4eb133-83dd-4f9d-8ff4-108d7a99d245	dff612aa-f30c-4a1e-9110-01128161bbb4	DELETE	transport_assignments	c1d35c40-3065-42cf-bf79-efeb8ad41bb7	{"id": "c1d35c40-3065-42cf-bf79-efeb8ad41bb7", "created_at": "2025-07-25T11:52:11.150397+02:00", "transport_id": "a398955b-a419-4ed1-9211-73820a8afce5", "participant_id": "34e2cc92-50f8-45ed-a38d-03791e6ec1ba"}	\N	2025-07-29 18:20:01.267295+02
6a041559-eae4-43ba-93ee-f7ba146c56e9	dff612aa-f30c-4a1e-9110-01128161bbb4	DELETE	transport_assignments	2c05615f-1739-4589-a901-412ca45d7bc5	{"id": "2c05615f-1739-4589-a901-412ca45d7bc5", "created_at": "2025-07-25T11:52:10.579187+02:00", "transport_id": "a398955b-a419-4ed1-9211-73820a8afce5", "participant_id": "a1e2cb39-3784-4ae8-be2e-697bc39d3d00"}	\N	2025-07-29 18:20:01.73552+02
991b5cba-dfd6-42ee-894e-e7a13b00692a	dff612aa-f30c-4a1e-9110-01128161bbb4	DELETE	transport_assignments	5de9b63f-67f3-42a3-9850-c51caf2dca6d	{"id": "5de9b63f-67f3-42a3-9850-c51caf2dca6d", "created_at": "2025-07-25T11:52:24.218028+02:00", "transport_id": "a398955b-a419-4ed1-9211-73820a8afce5", "participant_id": "50efc093-8a8b-443f-82a6-061a65dcd6df"}	\N	2025-07-29 18:20:02.055104+02
82af6883-a94b-432c-bcc4-6001e9b2da42	dff612aa-f30c-4a1e-9110-01128161bbb4	INSERT	transport_assignments	f7c1b085-bb21-4567-a886-dafcda653f09	\N	{"id": "f7c1b085-bb21-4567-a886-dafcda653f09", "created_at": "2025-07-29T18:20:05.530514+02:00", "transport_id": "a398955b-a419-4ed1-9211-73820a8afce5", "participant_id": "2c6bc385-a3c3-41eb-b2b4-caddd17b12ce"}	2025-07-29 18:20:05.530514+02
1c65ec83-a147-4b1a-b68b-648ba4d6c8b8	dff612aa-f30c-4a1e-9110-01128161bbb4	INSERT	transport_assignments	056bf161-af09-43f1-b1fa-8be35f1c8244	\N	{"id": "056bf161-af09-43f1-b1fa-8be35f1c8244", "created_at": "2025-07-29T18:20:07.120145+02:00", "transport_id": "a398955b-a419-4ed1-9211-73820a8afce5", "participant_id": "07fc1037-95e5-4213-a216-e887869a7cb4"}	2025-07-29 18:20:07.120145+02
6b7e86ec-31fb-484c-a163-f4062d6a1789	dff612aa-f30c-4a1e-9110-01128161bbb4	INSERT	transport_assignments	33782366-356c-497d-956c-ec2abd4abfd1	\N	{"id": "33782366-356c-497d-956c-ec2abd4abfd1", "created_at": "2025-07-29T18:20:07.856248+02:00", "transport_id": "a398955b-a419-4ed1-9211-73820a8afce5", "participant_id": "50efc093-8a8b-443f-82a6-061a65dcd6df"}	2025-07-29 18:20:07.856248+02
b671a397-3d60-4bd6-9eb0-f47350e632db	dff612aa-f30c-4a1e-9110-01128161bbb4	INSERT	transport_assignments	523945d6-6898-4a91-ac95-addfbe364c17	\N	{"id": "523945d6-6898-4a91-ac95-addfbe364c17", "created_at": "2025-07-29T18:20:08.471866+02:00", "transport_id": "a398955b-a419-4ed1-9211-73820a8afce5", "participant_id": "7692c755-ab1f-4279-8273-c7ff3e5b61c9"}	2025-07-29 18:20:08.471866+02
9c03202a-17fa-4382-b408-618147631847	dff612aa-f30c-4a1e-9110-01128161bbb4	INSERT	transport_assignments	ee9ff1bf-e563-4f85-b6a3-d0c2a3a19286	\N	{"id": "ee9ff1bf-e563-4f85-b6a3-d0c2a3a19286", "created_at": "2025-07-29T18:20:08.988128+02:00", "transport_id": "a398955b-a419-4ed1-9211-73820a8afce5", "participant_id": "a9b7082a-462e-4d18-a00e-f05d2265fda7"}	2025-07-29 18:20:08.988128+02
d7020b3d-320a-459c-8c12-d501a644b25a	dff612aa-f30c-4a1e-9110-01128161bbb4	INSERT	transport_assignments	5714c9ad-3f15-465d-a880-459bc412cc29	\N	{"id": "5714c9ad-3f15-465d-a880-459bc412cc29", "created_at": "2025-07-29T18:20:10.241207+02:00", "transport_id": "a398955b-a419-4ed1-9211-73820a8afce5", "participant_id": "34e2cc92-50f8-45ed-a38d-03791e6ec1ba"}	2025-07-29 18:20:10.241207+02
1c3f81e1-6a5b-4f06-8dab-b50dcf64f07f	dff612aa-f30c-4a1e-9110-01128161bbb4	INSERT	transport_assignments	a10bbc32-a492-4e82-a1e1-21103cfe58a1	\N	{"id": "a10bbc32-a492-4e82-a1e1-21103cfe58a1", "created_at": "2025-07-29T18:20:10.710369+02:00", "transport_id": "a398955b-a419-4ed1-9211-73820a8afce5", "participant_id": "a1e2cb39-3784-4ae8-be2e-697bc39d3d00"}	2025-07-29 18:20:10.710369+02
3144e0e2-88dd-4cc7-b33d-3bd13a0f140b	dff612aa-f30c-4a1e-9110-01128161bbb4	INSERT	transport_assignments	372d0444-3a24-4ff1-b269-4ddc053cad4e	\N	{"id": "372d0444-3a24-4ff1-b269-4ddc053cad4e", "created_at": "2025-07-29T18:20:12.036346+02:00", "transport_id": "a398955b-a419-4ed1-9211-73820a8afce5", "participant_id": "a5fd10e8-c73c-4a9c-9239-a0496bad036f"}	2025-07-29 18:20:12.036346+02
bc9ce37a-0a0a-4dc3-9776-149424409905	dff612aa-f30c-4a1e-9110-01128161bbb4	INSERT	transport_assignments	dc5829f5-ec70-43ab-92a0-041ca85ca834	\N	{"id": "dc5829f5-ec70-43ab-92a0-041ca85ca834", "created_at": "2025-07-29T18:20:11.12038+02:00", "transport_id": "a398955b-a419-4ed1-9211-73820a8afce5", "participant_id": "93df8322-da8d-4da8-8f1f-d6cd5bad5439"}	2025-07-29 18:20:11.12038+02
c398d8a2-bf96-46a7-969b-beb47f398a07	dff612aa-f30c-4a1e-9110-01128161bbb4	INSERT	participants	89788cbb-f9e7-4aba-8b8e-7b200da07e43	\N	{"id": "89788cbb-f9e7-4aba-8b8e-7b200da07e43", "name": "test", "notes": null, "phone": null, "event_id": "dff612aa-f30c-4a1e-9110-01128161bbb4", "created_at": "2025-07-29T18:22:24.583624+02:00", "updated_at": "2025-07-29T18:22:24.583624+02:00", "staying_full_time": true}	2025-07-29 18:22:24.583624+02
a5641f5e-af36-436a-8a14-842a64031123	dff612aa-f30c-4a1e-9110-01128161bbb4	INSERT	participants	d6396748-92be-4ea3-8d93-77eac6139fd4	\N	{"id": "d6396748-92be-4ea3-8d93-77eac6139fd4", "name": "klůkůlk", "notes": null, "phone": null, "event_id": "dff612aa-f30c-4a1e-9110-01128161bbb4", "created_at": "2025-07-29T18:22:29.132342+02:00", "updated_at": "2025-07-29T18:22:29.132342+02:00", "staying_full_time": true}	2025-07-29 18:22:29.132342+02
716ec85f-fb71-4623-b1a2-1e95873b395e	dff612aa-f30c-4a1e-9110-01128161bbb4	DELETE	participants	89788cbb-f9e7-4aba-8b8e-7b200da07e43	{"id": "89788cbb-f9e7-4aba-8b8e-7b200da07e43", "name": "test", "notes": null, "phone": null, "event_id": "dff612aa-f30c-4a1e-9110-01128161bbb4", "created_at": "2025-07-29T18:22:24.583624+02:00", "updated_at": "2025-07-29T18:22:24.583624+02:00", "staying_full_time": true}	\N	2025-07-29 18:22:33.913714+02
7268dddd-92fb-45a1-bce2-13ff2280466c	dff612aa-f30c-4a1e-9110-01128161bbb4	DELETE	participants	d6396748-92be-4ea3-8d93-77eac6139fd4	{"id": "d6396748-92be-4ea3-8d93-77eac6139fd4", "name": "klůkůlk", "notes": null, "phone": null, "event_id": "dff612aa-f30c-4a1e-9110-01128161bbb4", "created_at": "2025-07-29T18:22:29.132342+02:00", "updated_at": "2025-07-29T18:22:29.132342+02:00", "staying_full_time": true}	\N	2025-07-29 18:22:36.035114+02
3108f066-6422-4f62-ac68-ee8b227208e1	dff612aa-f30c-4a1e-9110-01128161bbb4	DELETE	transport_assignments	5714c9ad-3f15-465d-a880-459bc412cc29	{"id": "5714c9ad-3f15-465d-a880-459bc412cc29", "created_at": "2025-07-29T18:20:10.241207+02:00", "transport_id": "a398955b-a419-4ed1-9211-73820a8afce5", "participant_id": "34e2cc92-50f8-45ed-a38d-03791e6ec1ba"}	\N	2025-07-29 20:21:08.21652+02
59fa8b74-8abe-4b60-bb60-659c2faff392	dff612aa-f30c-4a1e-9110-01128161bbb4	DELETE	transport_assignments	a10bbc32-a492-4e82-a1e1-21103cfe58a1	{"id": "a10bbc32-a492-4e82-a1e1-21103cfe58a1", "created_at": "2025-07-29T18:20:10.710369+02:00", "transport_id": "a398955b-a419-4ed1-9211-73820a8afce5", "participant_id": "a1e2cb39-3784-4ae8-be2e-697bc39d3d00"}	\N	2025-07-29 20:21:08.453201+02
7bc9357b-f232-4a62-a921-b3a71049ea9e	dff612aa-f30c-4a1e-9110-01128161bbb4	DELETE	transport_assignments	ee9ff1bf-e563-4f85-b6a3-d0c2a3a19286	{"id": "ee9ff1bf-e563-4f85-b6a3-d0c2a3a19286", "created_at": "2025-07-29T18:20:08.988128+02:00", "transport_id": "a398955b-a419-4ed1-9211-73820a8afce5", "participant_id": "a9b7082a-462e-4d18-a00e-f05d2265fda7"}	\N	2025-07-29 20:21:09.575656+02
13c2b08b-c344-49bb-a02f-40b9839367a3	dff612aa-f30c-4a1e-9110-01128161bbb4	INSERT	transport_assignments	6e24f5fb-6b20-4f1e-8dde-4cf44c67a1fc	\N	{"id": "6e24f5fb-6b20-4f1e-8dde-4cf44c67a1fc", "created_at": "2025-07-29T20:22:00.202371+02:00", "transport_id": "a398955b-a419-4ed1-9211-73820a8afce5", "participant_id": "a9b7082a-462e-4d18-a00e-f05d2265fda7"}	2025-07-29 20:22:00.202371+02
08b83780-d1c3-42c7-8e68-c6806fc7b8aa	dff612aa-f30c-4a1e-9110-01128161bbb4	INSERT	transport_assignments	5d99cb39-46c7-4b83-beea-b2a38fa8627b	\N	{"id": "5d99cb39-46c7-4b83-beea-b2a38fa8627b", "created_at": "2025-07-29T20:22:01.164681+02:00", "transport_id": "a398955b-a419-4ed1-9211-73820a8afce5", "participant_id": "a1e2cb39-3784-4ae8-be2e-697bc39d3d00"}	2025-07-29 20:22:01.164681+02
34b71ee8-92b3-474c-838a-4f1e38800194	dff612aa-f30c-4a1e-9110-01128161bbb4	INSERT	transport_assignments	504ed8f9-3b98-45dc-a367-86b95deb7900	\N	{"id": "504ed8f9-3b98-45dc-a367-86b95deb7900", "created_at": "2025-07-29T20:22:02.946747+02:00", "transport_id": "a398955b-a419-4ed1-9211-73820a8afce5", "participant_id": "34e2cc92-50f8-45ed-a38d-03791e6ec1ba"}	2025-07-29 20:22:02.946747+02
5d2a32fd-b75a-414d-a042-f8de55382950	dff612aa-f30c-4a1e-9110-01128161bbb4	DELETE	participants	2c6bc385-a3c3-41eb-b2b4-caddd17b12ce	{"id": "2c6bc385-a3c3-41eb-b2b4-caddd17b12ce", "name": "verča", "notes": "žirafa ? ??", "phone": null, "event_id": "dff612aa-f30c-4a1e-9110-01128161bbb4", "created_at": "2025-07-24T23:03:17.143405+02:00", "updated_at": "2025-07-25T11:06:14.095729+02:00", "staying_full_time": true}	\N	2025-07-29 20:23:29.568653+02
dd9093b4-adfc-4dea-9908-2a833a2d21a3	dff612aa-f30c-4a1e-9110-01128161bbb4	DELETE	transport_assignments	f7c1b085-bb21-4567-a886-dafcda653f09	{"id": "f7c1b085-bb21-4567-a886-dafcda653f09", "created_at": "2025-07-29T18:20:05.530514+02:00", "transport_id": "a398955b-a419-4ed1-9211-73820a8afce5", "participant_id": "2c6bc385-a3c3-41eb-b2b4-caddd17b12ce"}	\N	2025-07-29 20:23:29.568653+02
d1814a3f-83cf-44c8-aca6-bc164f330099	dff612aa-f30c-4a1e-9110-01128161bbb4	INSERT	transport_assignments	d1a5d5af-7ba3-4cf7-99d8-05ce2347d3b8	\N	{"id": "d1a5d5af-7ba3-4cf7-99d8-05ce2347d3b8", "created_at": "2025-07-30T17:57:53.78669+02:00", "transport_id": "9e90bc5e-d774-4595-8dc1-03b2e1532a9c", "participant_id": "7692c755-ab1f-4279-8273-c7ff3e5b61c9"}	2025-07-30 17:57:53.78669+02
e3098fd7-4d0d-4406-ac44-755ecb37b1ea	dff612aa-f30c-4a1e-9110-01128161bbb4	DELETE	transport_assignments	d1a5d5af-7ba3-4cf7-99d8-05ce2347d3b8	{"id": "d1a5d5af-7ba3-4cf7-99d8-05ce2347d3b8", "created_at": "2025-07-30T17:57:53.78669+02:00", "transport_id": "9e90bc5e-d774-4595-8dc1-03b2e1532a9c", "participant_id": "7692c755-ab1f-4279-8273-c7ff3e5b61c9"}	\N	2025-07-30 17:57:54.474402+02
cf595123-e10e-4eeb-bba3-ea50f7ecda5d	dff612aa-f30c-4a1e-9110-01128161bbb4	INSERT	participants	33b83fdb-2971-4c18-8827-2f694529ad45	\N	{"id": "33b83fdb-2971-4c18-8827-2f694529ad45", "name": "hjkhkjh", "notes": null, "phone": null, "event_id": "dff612aa-f30c-4a1e-9110-01128161bbb4", "created_at": "2025-08-01T10:35:20.543798+02:00", "updated_at": "2025-08-01T10:35:20.543798+02:00", "staying_full_time": true}	2025-08-01 10:35:20.543798+02
6824207f-4a05-4269-a722-876c02c1d67e	dff612aa-f30c-4a1e-9110-01128161bbb4	DELETE	participants	33b83fdb-2971-4c18-8827-2f694529ad45	{"id": "33b83fdb-2971-4c18-8827-2f694529ad45", "name": "hjkhkjh", "notes": null, "phone": null, "event_id": "dff612aa-f30c-4a1e-9110-01128161bbb4", "created_at": "2025-08-01T10:35:20.543798+02:00", "updated_at": "2025-08-01T10:35:20.543798+02:00", "staying_full_time": true}	\N	2025-08-01 10:35:24.648354+02
d26d1c63-c9df-4a9f-a9b6-97a894a08565	dff612aa-f30c-4a1e-9110-01128161bbb4	DELETE	transport_assignments	523945d6-6898-4a91-ac95-addfbe364c17	{"id": "523945d6-6898-4a91-ac95-addfbe364c17", "created_at": "2025-07-29T18:20:08.471866+02:00", "transport_id": "a398955b-a419-4ed1-9211-73820a8afce5", "participant_id": "7692c755-ab1f-4279-8273-c7ff3e5b61c9"}	\N	2025-08-01 10:39:00.104658+02
153e078c-38ea-4b10-8599-e600b2e733b1	dff612aa-f30c-4a1e-9110-01128161bbb4	INSERT	transport_assignments	7f492702-bffc-45ac-905d-b71ec579ec7c	\N	{"id": "7f492702-bffc-45ac-905d-b71ec579ec7c", "created_at": "2025-08-01T10:39:00.883653+02:00", "transport_id": "a398955b-a419-4ed1-9211-73820a8afce5", "participant_id": "7692c755-ab1f-4279-8273-c7ff3e5b61c9"}	2025-08-01 10:39:00.883653+02
4447c8f7-d12a-401c-9eee-45d75ce98ad7	dff612aa-f30c-4a1e-9110-01128161bbb4	INSERT	transport_assignments	947451e2-d33a-47e6-a87d-ec033f4b4cf1	\N	{"id": "947451e2-d33a-47e6-a87d-ec033f4b4cf1", "created_at": "2025-08-01T10:39:01.623131+02:00", "transport_id": "a398955b-a419-4ed1-9211-73820a8afce5", "participant_id": "1c426e54-ea3d-4bb8-903b-65f12e6e02ad"}	2025-08-01 10:39:01.623131+02
72953221-b3fc-4ae1-ae0e-6ecdba1db9c0	dff612aa-f30c-4a1e-9110-01128161bbb4	DELETE	transport_assignments	947451e2-d33a-47e6-a87d-ec033f4b4cf1	{"id": "947451e2-d33a-47e6-a87d-ec033f4b4cf1", "created_at": "2025-08-01T10:39:01.623131+02:00", "transport_id": "a398955b-a419-4ed1-9211-73820a8afce5", "participant_id": "1c426e54-ea3d-4bb8-903b-65f12e6e02ad"}	\N	2025-08-01 10:39:02.282276+02
49f6025a-fb70-4d7b-bea8-41fccc781f91	dff612aa-f30c-4a1e-9110-01128161bbb4	INSERT	transport_assignments	aee67def-73aa-4926-bb28-012ed8ad01f2	\N	{"id": "aee67def-73aa-4926-bb28-012ed8ad01f2", "created_at": "2025-08-01T10:39:52.896435+02:00", "transport_id": "a398955b-a419-4ed1-9211-73820a8afce5", "participant_id": "6d7697dd-23f1-47cd-9f6a-67f1dc766a5d"}	2025-08-01 10:39:52.896435+02
d838ebe9-09a6-4dee-88cb-443c9bf917d3	dff612aa-f30c-4a1e-9110-01128161bbb4	DELETE	transport_assignments	aee67def-73aa-4926-bb28-012ed8ad01f2	{"id": "aee67def-73aa-4926-bb28-012ed8ad01f2", "created_at": "2025-08-01T10:39:52.896435+02:00", "transport_id": "a398955b-a419-4ed1-9211-73820a8afce5", "participant_id": "6d7697dd-23f1-47cd-9f6a-67f1dc766a5d"}	\N	2025-08-01 10:39:53.876406+02
75cdb16b-eb54-4416-865f-5d2afa822401	dff612aa-f30c-4a1e-9110-01128161bbb4	INSERT	transport_assignments	3447c29b-897b-47db-bc7a-fd2ce0bdadd4	\N	{"id": "3447c29b-897b-47db-bc7a-fd2ce0bdadd4", "created_at": "2025-08-01T10:39:54.890246+02:00", "transport_id": "a398955b-a419-4ed1-9211-73820a8afce5", "participant_id": "f90993d6-1657-482a-983f-eee5734a8387"}	2025-08-01 10:39:54.890246+02
140eae3a-b2ed-4996-b5f8-94507cc0adc8	dff612aa-f30c-4a1e-9110-01128161bbb4	INSERT	transport_assignments	d42d7d3b-62e6-4bca-b69f-2cccef039771	\N	{"id": "d42d7d3b-62e6-4bca-b69f-2cccef039771", "created_at": "2025-08-01T10:39:55.358503+02:00", "transport_id": "a398955b-a419-4ed1-9211-73820a8afce5", "participant_id": "7b8209c2-4b44-4e70-adad-4543abe0d422"}	2025-08-01 10:39:55.358503+02
ee8b2166-12ba-4593-ac9d-1f32fd22118c	dff612aa-f30c-4a1e-9110-01128161bbb4	DELETE	transport_assignments	d42d7d3b-62e6-4bca-b69f-2cccef039771	{"id": "d42d7d3b-62e6-4bca-b69f-2cccef039771", "created_at": "2025-08-01T10:39:55.358503+02:00", "transport_id": "a398955b-a419-4ed1-9211-73820a8afce5", "participant_id": "7b8209c2-4b44-4e70-adad-4543abe0d422"}	\N	2025-08-01 10:39:56.098049+02
03d1c437-7fed-4c85-b9bc-740d125a9bac	dff612aa-f30c-4a1e-9110-01128161bbb4	DELETE	transport_assignments	3447c29b-897b-47db-bc7a-fd2ce0bdadd4	{"id": "3447c29b-897b-47db-bc7a-fd2ce0bdadd4", "created_at": "2025-08-01T10:39:54.890246+02:00", "transport_id": "a398955b-a419-4ed1-9211-73820a8afce5", "participant_id": "f90993d6-1657-482a-983f-eee5734a8387"}	\N	2025-08-01 10:39:56.673763+02
ff4f78c9-6173-491b-a436-b2f721373bf3	dff612aa-f30c-4a1e-9110-01128161bbb4	DELETE	transport_assignments	056bf161-af09-43f1-b1fa-8be35f1c8244	{"id": "056bf161-af09-43f1-b1fa-8be35f1c8244", "created_at": "2025-07-29T18:20:07.120145+02:00", "transport_id": "a398955b-a419-4ed1-9211-73820a8afce5", "participant_id": "07fc1037-95e5-4213-a216-e887869a7cb4"}	\N	2025-08-01 10:41:17.041695+02
f18c87a2-a2e5-4474-a997-192fef9f6573	dff612aa-f30c-4a1e-9110-01128161bbb4	DELETE	transport_assignments	6e24f5fb-6b20-4f1e-8dde-4cf44c67a1fc	{"id": "6e24f5fb-6b20-4f1e-8dde-4cf44c67a1fc", "created_at": "2025-07-29T20:22:00.202371+02:00", "transport_id": "a398955b-a419-4ed1-9211-73820a8afce5", "participant_id": "a9b7082a-462e-4d18-a00e-f05d2265fda7"}	\N	2025-08-01 10:41:17.482512+02
6a8d691c-af22-44bb-b03c-bebf766287dd	dff612aa-f30c-4a1e-9110-01128161bbb4	DELETE	transport_assignments	7f492702-bffc-45ac-905d-b71ec579ec7c	{"id": "7f492702-bffc-45ac-905d-b71ec579ec7c", "created_at": "2025-08-01T10:39:00.883653+02:00", "transport_id": "a398955b-a419-4ed1-9211-73820a8afce5", "participant_id": "7692c755-ab1f-4279-8273-c7ff3e5b61c9"}	\N	2025-08-01 10:41:17.990255+02
8cb92d1f-f7ff-487b-97dc-cbf7f3693f3d	dff612aa-f30c-4a1e-9110-01128161bbb4	DELETE	transport_assignments	33782366-356c-497d-956c-ec2abd4abfd1	{"id": "33782366-356c-497d-956c-ec2abd4abfd1", "created_at": "2025-07-29T18:20:07.856248+02:00", "transport_id": "a398955b-a419-4ed1-9211-73820a8afce5", "participant_id": "50efc093-8a8b-443f-82a6-061a65dcd6df"}	\N	2025-08-01 10:41:18.620356+02
3b65a8ee-38f8-4259-811e-21bde42d888b	dff612aa-f30c-4a1e-9110-01128161bbb4	DELETE	transport_assignments	dc5829f5-ec70-43ab-92a0-041ca85ca834	{"id": "dc5829f5-ec70-43ab-92a0-041ca85ca834", "created_at": "2025-07-29T18:20:11.12038+02:00", "transport_id": "a398955b-a419-4ed1-9211-73820a8afce5", "participant_id": "93df8322-da8d-4da8-8f1f-d6cd5bad5439"}	\N	2025-08-01 10:41:19.03097+02
1ff601a9-ec95-420d-9a9a-e46c08338445	dff612aa-f30c-4a1e-9110-01128161bbb4	DELETE	transport_assignments	372d0444-3a24-4ff1-b269-4ddc053cad4e	{"id": "372d0444-3a24-4ff1-b269-4ddc053cad4e", "created_at": "2025-07-29T18:20:12.036346+02:00", "transport_id": "a398955b-a419-4ed1-9211-73820a8afce5", "participant_id": "a5fd10e8-c73c-4a9c-9239-a0496bad036f"}	\N	2025-08-01 10:41:19.55765+02
bd399c2a-52a8-4afa-a75a-ec589bd55361	dff612aa-f30c-4a1e-9110-01128161bbb4	DELETE	transport_assignments	5d99cb39-46c7-4b83-beea-b2a38fa8627b	{"id": "5d99cb39-46c7-4b83-beea-b2a38fa8627b", "created_at": "2025-07-29T20:22:01.164681+02:00", "transport_id": "a398955b-a419-4ed1-9211-73820a8afce5", "participant_id": "a1e2cb39-3784-4ae8-be2e-697bc39d3d00"}	\N	2025-08-01 10:41:20.086059+02
20e599b4-3c63-4f7c-948d-5e0a88f2b875	dff612aa-f30c-4a1e-9110-01128161bbb4	DELETE	transport_assignments	504ed8f9-3b98-45dc-a367-86b95deb7900	{"id": "504ed8f9-3b98-45dc-a367-86b95deb7900", "created_at": "2025-07-29T20:22:02.946747+02:00", "transport_id": "a398955b-a419-4ed1-9211-73820a8afce5", "participant_id": "34e2cc92-50f8-45ed-a38d-03791e6ec1ba"}	\N	2025-08-01 10:41:20.42938+02
4dfc7575-b910-4d6b-aeee-9126cce0d594	dff612aa-f30c-4a1e-9110-01128161bbb4	INSERT	transport_assignments	cd231264-e00f-4f71-855a-4550c042da5a	\N	{"id": "cd231264-e00f-4f71-855a-4550c042da5a", "created_at": "2025-08-01T10:41:21.631031+02:00", "transport_id": "a398955b-a419-4ed1-9211-73820a8afce5", "participant_id": "34e2cc92-50f8-45ed-a38d-03791e6ec1ba"}	2025-08-01 10:41:21.631031+02
2137b84c-f233-4b3e-a907-8237463d2c7d	dff612aa-f30c-4a1e-9110-01128161bbb4	INSERT	transport_assignments	1cae4251-04ac-4ab3-98ca-cce4551ae3db	\N	{"id": "1cae4251-04ac-4ab3-98ca-cce4551ae3db", "created_at": "2025-08-01T10:41:22.359175+02:00", "transport_id": "a398955b-a419-4ed1-9211-73820a8afce5", "participant_id": "a41f0ec8-9ea6-48f6-8bcd-9a347bf8cb80"}	2025-08-01 10:41:22.359175+02
ff3988b4-c790-4830-b822-fa2fb29a7e4b	dff612aa-f30c-4a1e-9110-01128161bbb4	INSERT	transport_assignments	cc25a9e1-bb8f-42e8-bf41-c6f0d0cdd6ec	\N	{"id": "cc25a9e1-bb8f-42e8-bf41-c6f0d0cdd6ec", "created_at": "2025-08-01T10:41:23.262037+02:00", "transport_id": "a398955b-a419-4ed1-9211-73820a8afce5", "participant_id": "1c426e54-ea3d-4bb8-903b-65f12e6e02ad"}	2025-08-01 10:41:23.262037+02
4c920a0e-424c-4072-87a5-94e0d41ab283	dff612aa-f30c-4a1e-9110-01128161bbb4	INSERT	transport_assignments	377f0cd1-c0fb-47fd-98be-529ff616e451	\N	{"id": "377f0cd1-c0fb-47fd-98be-529ff616e451", "created_at": "2025-08-01T10:41:23.543692+02:00", "transport_id": "a398955b-a419-4ed1-9211-73820a8afce5", "participant_id": "a5fd10e8-c73c-4a9c-9239-a0496bad036f"}	2025-08-01 10:41:23.543692+02
6440b665-bd34-4eec-ae0d-afd9a66101f3	dff612aa-f30c-4a1e-9110-01128161bbb4	INSERT	transport_assignments	ee127091-55f3-4229-a0ea-201e96ca1f71	\N	{"id": "ee127091-55f3-4229-a0ea-201e96ca1f71", "created_at": "2025-08-01T10:41:23.91117+02:00", "transport_id": "a398955b-a419-4ed1-9211-73820a8afce5", "participant_id": "93df8322-da8d-4da8-8f1f-d6cd5bad5439"}	2025-08-01 10:41:23.91117+02
d2ba937d-cea7-4059-b9d4-1d3467946e04	dff612aa-f30c-4a1e-9110-01128161bbb4	INSERT	transport_assignments	b93fae1c-e3ac-4417-90ba-d72a998387c1	\N	{"id": "b93fae1c-e3ac-4417-90ba-d72a998387c1", "created_at": "2025-08-01T10:41:24.227718+02:00", "transport_id": "a398955b-a419-4ed1-9211-73820a8afce5", "participant_id": "a1e2cb39-3784-4ae8-be2e-697bc39d3d00"}	2025-08-01 10:41:24.227718+02
5fc6d35e-fa65-41da-8d73-90bec19c9771	dff612aa-f30c-4a1e-9110-01128161bbb4	INSERT	transport_assignments	e35cd4a6-f05f-47ac-9628-1e1e808c5275	\N	{"id": "e35cd4a6-f05f-47ac-9628-1e1e808c5275", "created_at": "2025-08-01T10:41:24.827035+02:00", "transport_id": "a398955b-a419-4ed1-9211-73820a8afce5", "participant_id": "50efc093-8a8b-443f-82a6-061a65dcd6df"}	2025-08-01 10:41:24.827035+02
6c5abe68-5678-4cd9-8468-9bfd92f99655	dff612aa-f30c-4a1e-9110-01128161bbb4	INSERT	transport_assignments	640d7a5b-e963-4394-9535-5fb7b4d4e4ba	\N	{"id": "640d7a5b-e963-4394-9535-5fb7b4d4e4ba", "created_at": "2025-08-01T10:41:25.132864+02:00", "transport_id": "a398955b-a419-4ed1-9211-73820a8afce5", "participant_id": "07fc1037-95e5-4213-a216-e887869a7cb4"}	2025-08-01 10:41:25.132864+02
e77395fd-09da-4a38-9a13-8aa315016884	dff612aa-f30c-4a1e-9110-01128161bbb4	INSERT	transport_assignments	def50287-9221-4a28-934f-8271d465d61b	\N	{"id": "def50287-9221-4a28-934f-8271d465d61b", "created_at": "2025-08-01T10:41:25.481472+02:00", "transport_id": "a398955b-a419-4ed1-9211-73820a8afce5", "participant_id": "a9b7082a-462e-4d18-a00e-f05d2265fda7"}	2025-08-01 10:41:25.481472+02
b33a2bcb-d075-43eb-87f3-61e1ec07479b	dff612aa-f30c-4a1e-9110-01128161bbb4	INSERT	transport_assignments	83f527f8-5ccc-4545-9231-c6f5aecb4488	\N	{"id": "83f527f8-5ccc-4545-9231-c6f5aecb4488", "created_at": "2025-08-01T10:42:05.985344+02:00", "transport_id": "a398955b-a419-4ed1-9211-73820a8afce5", "participant_id": "7692c755-ab1f-4279-8273-c7ff3e5b61c9"}	2025-08-01 10:42:05.985344+02
587cb7fe-f966-49d7-8954-ec9bb821cb95	dff612aa-f30c-4a1e-9110-01128161bbb4	DELETE	transport_assignments	83f527f8-5ccc-4545-9231-c6f5aecb4488	{"id": "83f527f8-5ccc-4545-9231-c6f5aecb4488", "created_at": "2025-08-01T10:42:05.985344+02:00", "transport_id": "a398955b-a419-4ed1-9211-73820a8afce5", "participant_id": "7692c755-ab1f-4279-8273-c7ff3e5b61c9"}	\N	2025-08-01 10:42:07.107703+02
36cfed59-b562-4131-a398-3dce3e9861dd	dff612aa-f30c-4a1e-9110-01128161bbb4	DELETE	transport_assignments	cc25a9e1-bb8f-42e8-bf41-c6f0d0cdd6ec	{"id": "cc25a9e1-bb8f-42e8-bf41-c6f0d0cdd6ec", "created_at": "2025-08-01T10:41:23.262037+02:00", "transport_id": "a398955b-a419-4ed1-9211-73820a8afce5", "participant_id": "1c426e54-ea3d-4bb8-903b-65f12e6e02ad"}	\N	2025-08-01 10:42:07.628424+02
b4fa6421-758d-49f8-8140-cffb43033b17	dff612aa-f30c-4a1e-9110-01128161bbb4	INSERT	transport_assignments	03c00bfd-785a-4b3f-94dc-e5e9235f5abf	\N	{"id": "03c00bfd-785a-4b3f-94dc-e5e9235f5abf", "created_at": "2025-08-01T10:42:08.088688+02:00", "transport_id": "a398955b-a419-4ed1-9211-73820a8afce5", "participant_id": "7b8209c2-4b44-4e70-adad-4543abe0d422"}	2025-08-01 10:42:08.088688+02
56dac5bc-6b8e-4a8c-b482-ac96c54e9a85	dff612aa-f30c-4a1e-9110-01128161bbb4	DELETE	transport_assignments	03c00bfd-785a-4b3f-94dc-e5e9235f5abf	{"id": "03c00bfd-785a-4b3f-94dc-e5e9235f5abf", "created_at": "2025-08-01T10:42:08.088688+02:00", "transport_id": "a398955b-a419-4ed1-9211-73820a8afce5", "participant_id": "7b8209c2-4b44-4e70-adad-4543abe0d422"}	\N	2025-08-01 10:42:09.042738+02
e2477b45-c789-47e7-a7f2-efc5247727b5	dff612aa-f30c-4a1e-9110-01128161bbb4	INSERT	transport_assignments	91525777-208c-43ed-8c8d-31af4afd08c0	\N	{"id": "91525777-208c-43ed-8c8d-31af4afd08c0", "created_at": "2025-08-01T10:42:11.729673+02:00", "transport_id": "a398955b-a419-4ed1-9211-73820a8afce5", "participant_id": "7692c755-ab1f-4279-8273-c7ff3e5b61c9"}	2025-08-01 10:42:11.729673+02
b5ae9c37-36bc-420d-9400-b4cb8af575b8	dff612aa-f30c-4a1e-9110-01128161bbb4	INSERT	transport_assignments	b35c6c77-5ea9-473a-a8cf-0b689aa5d53c	\N	{"id": "b35c6c77-5ea9-473a-a8cf-0b689aa5d53c", "created_at": "2025-08-01T10:42:17.875453+02:00", "transport_id": "a398955b-a419-4ed1-9211-73820a8afce5", "participant_id": "1c426e54-ea3d-4bb8-903b-65f12e6e02ad"}	2025-08-01 10:42:17.875453+02
9949b019-bf63-4a27-8ab8-f9d8fdfd0be6	dff612aa-f30c-4a1e-9110-01128161bbb4	DELETE	transport_assignments	b35c6c77-5ea9-473a-a8cf-0b689aa5d53c	{"id": "b35c6c77-5ea9-473a-a8cf-0b689aa5d53c", "created_at": "2025-08-01T10:42:17.875453+02:00", "transport_id": "a398955b-a419-4ed1-9211-73820a8afce5", "participant_id": "1c426e54-ea3d-4bb8-903b-65f12e6e02ad"}	\N	2025-08-01 10:42:18.855705+02
66a6e574-6419-4421-90ca-3306ce679fbf	dff612aa-f30c-4a1e-9110-01128161bbb4	DELETE	transport_assignments	1cae4251-04ac-4ab3-98ca-cce4551ae3db	{"id": "1cae4251-04ac-4ab3-98ca-cce4551ae3db", "created_at": "2025-08-01T10:41:22.359175+02:00", "transport_id": "a398955b-a419-4ed1-9211-73820a8afce5", "participant_id": "a41f0ec8-9ea6-48f6-8bcd-9a347bf8cb80"}	\N	2025-08-01 10:42:19.582181+02
4bccf26e-0d32-4d06-8bc6-67dae9af1f7f	dff612aa-f30c-4a1e-9110-01128161bbb4	INSERT	transport_assignments	c826757d-83fc-4ab3-be4e-abb6e1d5a0d0	\N	{"id": "c826757d-83fc-4ab3-be4e-abb6e1d5a0d0", "created_at": "2025-08-01T10:43:13.091177+02:00", "transport_id": "9e90bc5e-d774-4595-8dc1-03b2e1532a9c", "participant_id": "93df8322-da8d-4da8-8f1f-d6cd5bad5439"}	2025-08-01 10:43:13.091177+02
c1b34ae4-89c7-4a94-acc3-4e253a6e1071	dff612aa-f30c-4a1e-9110-01128161bbb4	INSERT	transport_assignments	ce710401-854a-421a-9c45-c72153616d88	\N	{"id": "ce710401-854a-421a-9c45-c72153616d88", "created_at": "2025-08-01T10:43:13.976438+02:00", "transport_id": "9e90bc5e-d774-4595-8dc1-03b2e1532a9c", "participant_id": "a5fd10e8-c73c-4a9c-9239-a0496bad036f"}	2025-08-01 10:43:13.976438+02
ada7207c-53af-403e-947d-11bfa3fdbbec	dff612aa-f30c-4a1e-9110-01128161bbb4	INSERT	transport_assignments	a3c09463-f6b3-4db6-9e1a-519848ab774b	\N	{"id": "a3c09463-f6b3-4db6-9e1a-519848ab774b", "created_at": "2025-08-01T10:43:14.527413+02:00", "transport_id": "9e90bc5e-d774-4595-8dc1-03b2e1532a9c", "participant_id": "34e2cc92-50f8-45ed-a38d-03791e6ec1ba"}	2025-08-01 10:43:14.527413+02
2e228a69-b1ea-417a-ac6f-4750bb205c76	dff612aa-f30c-4a1e-9110-01128161bbb4	DELETE	transport_assignments	a3c09463-f6b3-4db6-9e1a-519848ab774b	{"id": "a3c09463-f6b3-4db6-9e1a-519848ab774b", "created_at": "2025-08-01T10:43:14.527413+02:00", "transport_id": "9e90bc5e-d774-4595-8dc1-03b2e1532a9c", "participant_id": "34e2cc92-50f8-45ed-a38d-03791e6ec1ba"}	\N	2025-08-01 10:43:15.900717+02
73adde9b-af5b-49e1-95af-0e74ae3fa7f0	dff612aa-f30c-4a1e-9110-01128161bbb4	INSERT	transport_assignments	c912a002-28a7-4f1f-bed6-ff1eada9706b	\N	{"id": "c912a002-28a7-4f1f-bed6-ff1eada9706b", "created_at": "2025-08-01T10:43:25.311597+02:00", "transport_id": "a398955b-a419-4ed1-9211-73820a8afce5", "participant_id": "f90993d6-1657-482a-983f-eee5734a8387"}	2025-08-01 10:43:25.311597+02
304297d6-b0a0-4cc8-b209-635f31bd82e1	dff612aa-f30c-4a1e-9110-01128161bbb4	DELETE	transport_assignments	c912a002-28a7-4f1f-bed6-ff1eada9706b	{"id": "c912a002-28a7-4f1f-bed6-ff1eada9706b", "created_at": "2025-08-01T10:43:25.311597+02:00", "transport_id": "a398955b-a419-4ed1-9211-73820a8afce5", "participant_id": "f90993d6-1657-482a-983f-eee5734a8387"}	\N	2025-08-01 10:43:26.369382+02
272d62a0-a069-4d8a-a73b-967f7f40591a	dff612aa-f30c-4a1e-9110-01128161bbb4	INSERT	transport_assignments	89efb9c6-ddba-4b8f-b253-09e9d5006be6	\N	{"id": "89efb9c6-ddba-4b8f-b253-09e9d5006be6", "created_at": "2025-08-01T10:43:27.172826+02:00", "transport_id": "a398955b-a419-4ed1-9211-73820a8afce5", "participant_id": "f90993d6-1657-482a-983f-eee5734a8387"}	2025-08-01 10:43:27.172826+02
a391b94c-734e-4002-8b08-338534fcd9a1	dff612aa-f30c-4a1e-9110-01128161bbb4	DELETE	transport_assignments	89efb9c6-ddba-4b8f-b253-09e9d5006be6	{"id": "89efb9c6-ddba-4b8f-b253-09e9d5006be6", "created_at": "2025-08-01T10:43:27.172826+02:00", "transport_id": "a398955b-a419-4ed1-9211-73820a8afce5", "participant_id": "f90993d6-1657-482a-983f-eee5734a8387"}	\N	2025-08-01 10:43:29.162741+02
70a7268d-5ab9-408f-8bcd-43b27d39e969	dff612aa-f30c-4a1e-9110-01128161bbb4	INSERT	transport_assignments	e1876c1f-4e14-4544-a67e-b7d0f0b87ca9	\N	{"id": "e1876c1f-4e14-4544-a67e-b7d0f0b87ca9", "created_at": "2025-08-01T10:43:33.748939+02:00", "transport_id": "a398955b-a419-4ed1-9211-73820a8afce5", "participant_id": "6d7697dd-23f1-47cd-9f6a-67f1dc766a5d"}	2025-08-01 10:43:33.748939+02
f9c41e79-48e0-4682-ba27-418c898517e9	dff612aa-f30c-4a1e-9110-01128161bbb4	DELETE	transport_assignments	e1876c1f-4e14-4544-a67e-b7d0f0b87ca9	{"id": "e1876c1f-4e14-4544-a67e-b7d0f0b87ca9", "created_at": "2025-08-01T10:43:33.748939+02:00", "transport_id": "a398955b-a419-4ed1-9211-73820a8afce5", "participant_id": "6d7697dd-23f1-47cd-9f6a-67f1dc766a5d"}	\N	2025-08-01 10:43:36.228742+02
79e00f97-3380-4f84-96f8-e5d47c0afaf8	dff612aa-f30c-4a1e-9110-01128161bbb4	INSERT	transport_assignments	d347815e-30cb-4466-a76d-3b6b808e58a0	\N	{"id": "d347815e-30cb-4466-a76d-3b6b808e58a0", "created_at": "2025-08-01T10:43:37.016849+02:00", "transport_id": "a398955b-a419-4ed1-9211-73820a8afce5", "participant_id": "6d7697dd-23f1-47cd-9f6a-67f1dc766a5d"}	2025-08-01 10:43:37.016849+02
f303d081-3fac-4b54-af2e-9c9c48db6551	dff612aa-f30c-4a1e-9110-01128161bbb4	DELETE	transport_assignments	d347815e-30cb-4466-a76d-3b6b808e58a0	{"id": "d347815e-30cb-4466-a76d-3b6b808e58a0", "created_at": "2025-08-01T10:43:37.016849+02:00", "transport_id": "a398955b-a419-4ed1-9211-73820a8afce5", "participant_id": "6d7697dd-23f1-47cd-9f6a-67f1dc766a5d"}	\N	2025-08-01 10:43:37.561201+02
68f8cc6f-d2e3-46f4-923e-3c64519e3b99	dff612aa-f30c-4a1e-9110-01128161bbb4	INSERT	transport_assignments	a19dd0c9-0862-4298-ada7-41f8804f2836	\N	{"id": "a19dd0c9-0862-4298-ada7-41f8804f2836", "created_at": "2025-08-01T10:43:39.652016+02:00", "transport_id": "9e90bc5e-d774-4595-8dc1-03b2e1532a9c", "participant_id": "a9b7082a-462e-4d18-a00e-f05d2265fda7"}	2025-08-01 10:43:39.652016+02
e741c7a8-1254-4f0f-9c9c-4b7b6810472f	dff612aa-f30c-4a1e-9110-01128161bbb4	DELETE	transport_assignments	a19dd0c9-0862-4298-ada7-41f8804f2836	{"id": "a19dd0c9-0862-4298-ada7-41f8804f2836", "created_at": "2025-08-01T10:43:39.652016+02:00", "transport_id": "9e90bc5e-d774-4595-8dc1-03b2e1532a9c", "participant_id": "a9b7082a-462e-4d18-a00e-f05d2265fda7"}	\N	2025-08-01 10:43:40.525402+02
280227d7-3254-4d87-94f2-69a429b23447	dff612aa-f30c-4a1e-9110-01128161bbb4	INSERT	transport_assignments	dad7998f-41b4-4291-9b4a-a9ca8563cf64	\N	{"id": "dad7998f-41b4-4291-9b4a-a9ca8563cf64", "created_at": "2025-08-01T10:44:31.432123+02:00", "transport_id": "a398955b-a419-4ed1-9211-73820a8afce5", "participant_id": "f90993d6-1657-482a-983f-eee5734a8387"}	2025-08-01 10:44:31.432123+02
9c212fcf-0675-474e-b770-8af5cec7c33b	dff612aa-f30c-4a1e-9110-01128161bbb4	DELETE	transport_assignments	dad7998f-41b4-4291-9b4a-a9ca8563cf64	{"id": "dad7998f-41b4-4291-9b4a-a9ca8563cf64", "created_at": "2025-08-01T10:44:31.432123+02:00", "transport_id": "a398955b-a419-4ed1-9211-73820a8afce5", "participant_id": "f90993d6-1657-482a-983f-eee5734a8387"}	\N	2025-08-01 10:44:32.29857+02
f7c96b51-3a4d-4d66-a4b3-4b667604b2a4	dff612aa-f30c-4a1e-9110-01128161bbb4	INSERT	transport_assignments	ab47d8ad-84b8-4fb1-98d1-17ec99429c45	\N	{"id": "ab47d8ad-84b8-4fb1-98d1-17ec99429c45", "created_at": "2025-08-01T10:45:02.776194+02:00", "transport_id": "a398955b-a419-4ed1-9211-73820a8afce5", "participant_id": "f90993d6-1657-482a-983f-eee5734a8387"}	2025-08-01 10:45:02.776194+02
82d3fccb-4e05-4e41-ac85-0977ce0d869d	dff612aa-f30c-4a1e-9110-01128161bbb4	DELETE	transport_assignments	ab47d8ad-84b8-4fb1-98d1-17ec99429c45	{"id": "ab47d8ad-84b8-4fb1-98d1-17ec99429c45", "created_at": "2025-08-01T10:45:02.776194+02:00", "transport_id": "a398955b-a419-4ed1-9211-73820a8afce5", "participant_id": "f90993d6-1657-482a-983f-eee5734a8387"}	\N	2025-08-01 10:45:03.775448+02
86210fa9-d261-45ae-9b36-d70deef5cdd5	dff612aa-f30c-4a1e-9110-01128161bbb4	INSERT	transport_assignments	0deab181-0494-4f60-9608-9081449bf964	\N	{"id": "0deab181-0494-4f60-9608-9081449bf964", "created_at": "2025-08-01T10:45:44.46236+02:00", "transport_id": "a398955b-a419-4ed1-9211-73820a8afce5", "participant_id": "f90993d6-1657-482a-983f-eee5734a8387"}	2025-08-01 10:45:44.46236+02
f2d72391-afd8-4c54-9a20-947081005832	dff612aa-f30c-4a1e-9110-01128161bbb4	DELETE	transport_assignments	0deab181-0494-4f60-9608-9081449bf964	{"id": "0deab181-0494-4f60-9608-9081449bf964", "created_at": "2025-08-01T10:45:44.46236+02:00", "transport_id": "a398955b-a419-4ed1-9211-73820a8afce5", "participant_id": "f90993d6-1657-482a-983f-eee5734a8387"}	\N	2025-08-01 10:45:45.144201+02
853a399f-5f3c-440d-af29-1f379700948e	dff612aa-f30c-4a1e-9110-01128161bbb4	INSERT	transport_assignments	f1a97690-5fc2-465e-a17b-4d63f5ed9a89	\N	{"id": "f1a97690-5fc2-465e-a17b-4d63f5ed9a89", "created_at": "2025-08-01T10:45:48.615379+02:00", "transport_id": "a398955b-a419-4ed1-9211-73820a8afce5", "participant_id": "f90993d6-1657-482a-983f-eee5734a8387"}	2025-08-01 10:45:48.615379+02
689167bf-5ba2-4c79-869a-376ab234f85d	dff612aa-f30c-4a1e-9110-01128161bbb4	DELETE	transport_assignments	f1a97690-5fc2-465e-a17b-4d63f5ed9a89	{"id": "f1a97690-5fc2-465e-a17b-4d63f5ed9a89", "created_at": "2025-08-01T10:45:48.615379+02:00", "transport_id": "a398955b-a419-4ed1-9211-73820a8afce5", "participant_id": "f90993d6-1657-482a-983f-eee5734a8387"}	\N	2025-08-01 10:45:50.199021+02
baf3522b-6a4a-4942-8723-c18f29d4e830	dff612aa-f30c-4a1e-9110-01128161bbb4	INSERT	transport_assignments	1829cc63-73aa-442f-85b1-95e143135d55	\N	{"id": "1829cc63-73aa-442f-85b1-95e143135d55", "created_at": "2025-08-01T10:45:50.867245+02:00", "transport_id": "a398955b-a419-4ed1-9211-73820a8afce5", "participant_id": "f90993d6-1657-482a-983f-eee5734a8387"}	2025-08-01 10:45:50.867245+02
f4a3e166-ec85-4d11-9b0a-b76ee81e3fef	dff612aa-f30c-4a1e-9110-01128161bbb4	DELETE	transport_assignments	1829cc63-73aa-442f-85b1-95e143135d55	{"id": "1829cc63-73aa-442f-85b1-95e143135d55", "created_at": "2025-08-01T10:45:50.867245+02:00", "transport_id": "a398955b-a419-4ed1-9211-73820a8afce5", "participant_id": "f90993d6-1657-482a-983f-eee5734a8387"}	\N	2025-08-01 10:45:51.988793+02
c27d8f6b-0ea3-4af8-8622-f191aa156e9a	dff612aa-f30c-4a1e-9110-01128161bbb4	INSERT	transport_assignments	423b5f9c-baa8-4793-9cbc-491f71adb14d	\N	{"id": "423b5f9c-baa8-4793-9cbc-491f71adb14d", "created_at": "2025-08-01T10:46:12.755445+02:00", "transport_id": "a398955b-a419-4ed1-9211-73820a8afce5", "participant_id": "f90993d6-1657-482a-983f-eee5734a8387"}	2025-08-01 10:46:12.755445+02
28a509de-031b-429c-972c-16e03b3e86cd	dff612aa-f30c-4a1e-9110-01128161bbb4	INSERT	transport_assignments	aaff22b0-4515-4dfd-abc8-86ac5fd398c1	\N	{"id": "aaff22b0-4515-4dfd-abc8-86ac5fd398c1", "created_at": "2025-08-01T10:45:52.788988+02:00", "transport_id": "a398955b-a419-4ed1-9211-73820a8afce5", "participant_id": "f90993d6-1657-482a-983f-eee5734a8387"}	2025-08-01 10:45:52.788988+02
0593ae0b-1cb2-4796-aabd-1c2c82e1f238	dff612aa-f30c-4a1e-9110-01128161bbb4	DELETE	transport_assignments	aaff22b0-4515-4dfd-abc8-86ac5fd398c1	{"id": "aaff22b0-4515-4dfd-abc8-86ac5fd398c1", "created_at": "2025-08-01T10:45:52.788988+02:00", "transport_id": "a398955b-a419-4ed1-9211-73820a8afce5", "participant_id": "f90993d6-1657-482a-983f-eee5734a8387"}	\N	2025-08-01 10:45:53.581695+02
ab95169d-c53f-43ac-8975-af1e29f657ed	dff612aa-f30c-4a1e-9110-01128161bbb4	DELETE	transport_assignments	423b5f9c-baa8-4793-9cbc-491f71adb14d	{"id": "423b5f9c-baa8-4793-9cbc-491f71adb14d", "created_at": "2025-08-01T10:46:12.755445+02:00", "transport_id": "a398955b-a419-4ed1-9211-73820a8afce5", "participant_id": "f90993d6-1657-482a-983f-eee5734a8387"}	\N	2025-08-01 10:46:13.837626+02
c8e30667-b075-4ae9-8819-febb35473385	dff612aa-f30c-4a1e-9110-01128161bbb4	INSERT	transport_assignments	593654d2-c93f-47ad-a410-263ef5f01232	\N	{"id": "593654d2-c93f-47ad-a410-263ef5f01232", "created_at": "2025-08-01T10:51:41.640922+02:00", "transport_id": "a398955b-a419-4ed1-9211-73820a8afce5", "participant_id": "f90993d6-1657-482a-983f-eee5734a8387"}	2025-08-01 10:51:41.640922+02
cec574ea-7fc1-46e1-8023-d62cff0fe6ba	dff612aa-f30c-4a1e-9110-01128161bbb4	DELETE	transport_assignments	593654d2-c93f-47ad-a410-263ef5f01232	{"id": "593654d2-c93f-47ad-a410-263ef5f01232", "created_at": "2025-08-01T10:51:41.640922+02:00", "transport_id": "a398955b-a419-4ed1-9211-73820a8afce5", "participant_id": "f90993d6-1657-482a-983f-eee5734a8387"}	\N	2025-08-01 10:51:45.910901+02
fb070a5d-4967-43b0-91a6-aaa9a0a86039	dff612aa-f30c-4a1e-9110-01128161bbb4	INSERT	transport_assignments	29b40d99-1888-4cff-808e-324266eb232f	\N	{"id": "29b40d99-1888-4cff-808e-324266eb232f", "created_at": "2025-08-01T10:51:46.451652+02:00", "transport_id": "a398955b-a419-4ed1-9211-73820a8afce5", "participant_id": "f90993d6-1657-482a-983f-eee5734a8387"}	2025-08-01 10:51:46.451652+02
d2aa3d84-6ce8-4010-90f7-5ccd3d931a76	dff612aa-f30c-4a1e-9110-01128161bbb4	DELETE	transport_assignments	29b40d99-1888-4cff-808e-324266eb232f	{"id": "29b40d99-1888-4cff-808e-324266eb232f", "created_at": "2025-08-01T10:51:46.451652+02:00", "transport_id": "a398955b-a419-4ed1-9211-73820a8afce5", "participant_id": "f90993d6-1657-482a-983f-eee5734a8387"}	\N	2025-08-01 10:51:48.398248+02
a77e6b08-bc31-411e-8496-c5dda9c2ca6f	dff612aa-f30c-4a1e-9110-01128161bbb4	INSERT	transport_assignments	f96b9fd5-ad28-4945-b013-6fbc0a7c0e5c	\N	{"id": "f96b9fd5-ad28-4945-b013-6fbc0a7c0e5c", "created_at": "2025-08-01T10:52:24.53552+02:00", "transport_id": "a398955b-a419-4ed1-9211-73820a8afce5", "participant_id": "f90993d6-1657-482a-983f-eee5734a8387"}	2025-08-01 10:52:24.53552+02
3cdd7b3d-2c7b-434c-b543-eb5b6fe5ab6e	dff612aa-f30c-4a1e-9110-01128161bbb4	DELETE	transport_assignments	f96b9fd5-ad28-4945-b013-6fbc0a7c0e5c	{"id": "f96b9fd5-ad28-4945-b013-6fbc0a7c0e5c", "created_at": "2025-08-01T10:52:24.53552+02:00", "transport_id": "a398955b-a419-4ed1-9211-73820a8afce5", "participant_id": "f90993d6-1657-482a-983f-eee5734a8387"}	\N	2025-08-01 10:52:26.470152+02
fdb0ae3f-abeb-42b8-b30e-c0745a4fbcce	dff612aa-f30c-4a1e-9110-01128161bbb4	INSERT	transport_assignments	ec4e2adc-bf47-4cd6-ab8b-92cdb9abeb82	\N	{"id": "ec4e2adc-bf47-4cd6-ab8b-92cdb9abeb82", "created_at": "2025-08-01T10:52:28.00072+02:00", "transport_id": "a398955b-a419-4ed1-9211-73820a8afce5", "participant_id": "f90993d6-1657-482a-983f-eee5734a8387"}	2025-08-01 10:52:28.00072+02
df958252-bdf9-4b1d-937a-21b801dabaa3	dff612aa-f30c-4a1e-9110-01128161bbb4	DELETE	transport_assignments	ec4e2adc-bf47-4cd6-ab8b-92cdb9abeb82	{"id": "ec4e2adc-bf47-4cd6-ab8b-92cdb9abeb82", "created_at": "2025-08-01T10:52:28.00072+02:00", "transport_id": "a398955b-a419-4ed1-9211-73820a8afce5", "participant_id": "f90993d6-1657-482a-983f-eee5734a8387"}	\N	2025-08-01 10:52:28.388751+02
802b7827-d709-4899-b374-ed3eb27724aa	dff612aa-f30c-4a1e-9110-01128161bbb4	INSERT	transport_assignments	5d6043fe-af56-43e3-ac16-01ba0dc03ba9	\N	{"id": "5d6043fe-af56-43e3-ac16-01ba0dc03ba9", "created_at": "2025-08-01T10:54:23.605149+02:00", "transport_id": "a398955b-a419-4ed1-9211-73820a8afce5", "participant_id": "6d7697dd-23f1-47cd-9f6a-67f1dc766a5d"}	2025-08-01 10:54:23.605149+02
0a26a017-6c7e-4d84-bd8c-a223038dc25b	dff612aa-f30c-4a1e-9110-01128161bbb4	DELETE	transport_assignments	5d6043fe-af56-43e3-ac16-01ba0dc03ba9	{"id": "5d6043fe-af56-43e3-ac16-01ba0dc03ba9", "created_at": "2025-08-01T10:54:23.605149+02:00", "transport_id": "a398955b-a419-4ed1-9211-73820a8afce5", "participant_id": "6d7697dd-23f1-47cd-9f6a-67f1dc766a5d"}	\N	2025-08-01 10:54:24.44582+02
6e69bf23-94f4-4e71-b574-7a87489f7438	dff612aa-f30c-4a1e-9110-01128161bbb4	INSERT	transport_assignments	1f03f8a6-940f-478b-954c-91ccff3a4315	\N	{"id": "1f03f8a6-940f-478b-954c-91ccff3a4315", "created_at": "2025-08-01T10:54:24.90247+02:00", "transport_id": "a398955b-a419-4ed1-9211-73820a8afce5", "participant_id": "6d7697dd-23f1-47cd-9f6a-67f1dc766a5d"}	2025-08-01 10:54:24.90247+02
714934b6-3559-47ba-86c8-15d8cbac56e2	dff612aa-f30c-4a1e-9110-01128161bbb4	DELETE	transport_assignments	1f03f8a6-940f-478b-954c-91ccff3a4315	{"id": "1f03f8a6-940f-478b-954c-91ccff3a4315", "created_at": "2025-08-01T10:54:24.90247+02:00", "transport_id": "a398955b-a419-4ed1-9211-73820a8afce5", "participant_id": "6d7697dd-23f1-47cd-9f6a-67f1dc766a5d"}	\N	2025-08-01 10:54:26.32294+02
788e35eb-ac14-4758-9a0d-1600a9b40273	dff612aa-f30c-4a1e-9110-01128161bbb4	INSERT	transport_assignments	6684d43a-2b67-4683-9857-e66f8b6aebdd	\N	{"id": "6684d43a-2b67-4683-9857-e66f8b6aebdd", "created_at": "2025-08-01T10:54:27.915812+02:00", "transport_id": "a398955b-a419-4ed1-9211-73820a8afce5", "participant_id": "6d7697dd-23f1-47cd-9f6a-67f1dc766a5d"}	2025-08-01 10:54:27.915812+02
b9fb5c37-46c2-4736-8ac5-5330234385a2	dff612aa-f30c-4a1e-9110-01128161bbb4	DELETE	transport_assignments	6684d43a-2b67-4683-9857-e66f8b6aebdd	{"id": "6684d43a-2b67-4683-9857-e66f8b6aebdd", "created_at": "2025-08-01T10:54:27.915812+02:00", "transport_id": "a398955b-a419-4ed1-9211-73820a8afce5", "participant_id": "6d7697dd-23f1-47cd-9f6a-67f1dc766a5d"}	\N	2025-08-01 10:54:28.772611+02
dc70c85f-4296-4ac8-bdc1-331af51b52d6	dff612aa-f30c-4a1e-9110-01128161bbb4	INSERT	transport_assignments	34e10090-6d2c-4c07-ad6e-0869f3389efe	\N	{"id": "34e10090-6d2c-4c07-ad6e-0869f3389efe", "created_at": "2025-08-01T10:54:30.589403+02:00", "transport_id": "a398955b-a419-4ed1-9211-73820a8afce5", "participant_id": "6d7697dd-23f1-47cd-9f6a-67f1dc766a5d"}	2025-08-01 10:54:30.589403+02
fadaaeb6-3871-4448-9818-733029c97757	dff612aa-f30c-4a1e-9110-01128161bbb4	DELETE	transport_assignments	34e10090-6d2c-4c07-ad6e-0869f3389efe	{"id": "34e10090-6d2c-4c07-ad6e-0869f3389efe", "created_at": "2025-08-01T10:54:30.589403+02:00", "transport_id": "a398955b-a419-4ed1-9211-73820a8afce5", "participant_id": "6d7697dd-23f1-47cd-9f6a-67f1dc766a5d"}	\N	2025-08-01 10:54:31.521747+02
f2b29e67-2b89-43f7-b6b6-da568d8617ef	dff612aa-f30c-4a1e-9110-01128161bbb4	INSERT	transport_assignments	45ebbf1c-e68e-4d77-be5e-21e7cc7e0c13	\N	{"id": "45ebbf1c-e68e-4d77-be5e-21e7cc7e0c13", "created_at": "2025-08-01T10:54:32.896237+02:00", "transport_id": "a398955b-a419-4ed1-9211-73820a8afce5", "participant_id": "6d7697dd-23f1-47cd-9f6a-67f1dc766a5d"}	2025-08-01 10:54:32.896237+02
3f5ef1f1-11e0-4903-83c7-c855e341a1d7	dff612aa-f30c-4a1e-9110-01128161bbb4	DELETE	transport_assignments	45ebbf1c-e68e-4d77-be5e-21e7cc7e0c13	{"id": "45ebbf1c-e68e-4d77-be5e-21e7cc7e0c13", "created_at": "2025-08-01T10:54:32.896237+02:00", "transport_id": "a398955b-a419-4ed1-9211-73820a8afce5", "participant_id": "6d7697dd-23f1-47cd-9f6a-67f1dc766a5d"}	\N	2025-08-01 10:54:33.76864+02
df4fbc26-b07d-43dc-a0c2-cb8a714f02fb	dff612aa-f30c-4a1e-9110-01128161bbb4	INSERT	transport_assignments	795f15ec-835c-4a3d-a59e-ff182737b384	\N	{"id": "795f15ec-835c-4a3d-a59e-ff182737b384", "created_at": "2025-08-01T10:54:36.524645+02:00", "transport_id": "a398955b-a419-4ed1-9211-73820a8afce5", "participant_id": "a41f0ec8-9ea6-48f6-8bcd-9a347bf8cb80"}	2025-08-01 10:54:36.524645+02
4c9bd360-8497-491e-905b-49286b751a69	dff612aa-f30c-4a1e-9110-01128161bbb4	INSERT	transport_assignments	b72e0eea-6173-4d58-b919-14a62eefe50f	\N	{"id": "b72e0eea-6173-4d58-b919-14a62eefe50f", "created_at": "2025-08-01T10:54:36.977951+02:00", "transport_id": "a398955b-a419-4ed1-9211-73820a8afce5", "participant_id": "7b8209c2-4b44-4e70-adad-4543abe0d422"}	2025-08-01 10:54:36.977951+02
9055237d-1553-4f7c-a003-4c40b0ce3ded	dff612aa-f30c-4a1e-9110-01128161bbb4	INSERT	transport_assignments	d7e2c920-3620-49fd-b990-f344eddec331	\N	{"id": "d7e2c920-3620-49fd-b990-f344eddec331", "created_at": "2025-08-01T10:54:37.837822+02:00", "transport_id": "a398955b-a419-4ed1-9211-73820a8afce5", "participant_id": "f90993d6-1657-482a-983f-eee5734a8387"}	2025-08-01 10:54:37.837822+02
9cb4181f-07eb-401a-8ae9-eeff115da158	dff612aa-f30c-4a1e-9110-01128161bbb4	INSERT	transport_assignments	a1fc2831-da08-4dd5-9c89-381b07d64743	\N	{"id": "a1fc2831-da08-4dd5-9c89-381b07d64743", "created_at": "2025-08-01T10:54:38.388524+02:00", "transport_id": "a398955b-a419-4ed1-9211-73820a8afce5", "participant_id": "1c426e54-ea3d-4bb8-903b-65f12e6e02ad"}	2025-08-01 10:54:38.388524+02
82dc8ed4-4c3a-4537-a57c-9b4b626f7aa5	dff612aa-f30c-4a1e-9110-01128161bbb4	INSERT	transport_assignments	46d8bb2b-8932-4b25-9664-4dd9edec79e1	\N	{"id": "46d8bb2b-8932-4b25-9664-4dd9edec79e1", "created_at": "2025-08-01T10:54:43.996785+02:00", "transport_id": "a398955b-a419-4ed1-9211-73820a8afce5", "participant_id": "50efc093-8a8b-443f-82a6-061a65dcd6df"}	2025-08-01 10:54:43.996785+02
c756f060-c80c-4601-b68a-dc085e673b88	dff612aa-f30c-4a1e-9110-01128161bbb4	DELETE	transport_assignments	46d8bb2b-8932-4b25-9664-4dd9edec79e1	{"id": "46d8bb2b-8932-4b25-9664-4dd9edec79e1", "created_at": "2025-08-01T10:54:43.996785+02:00", "transport_id": "a398955b-a419-4ed1-9211-73820a8afce5", "participant_id": "50efc093-8a8b-443f-82a6-061a65dcd6df"}	\N	2025-08-01 10:54:44.798582+02
8eafb96f-3c73-4d53-80c9-bcd9d50a74a0	dff612aa-f30c-4a1e-9110-01128161bbb4	DELETE	transport_assignments	a1fc2831-da08-4dd5-9c89-381b07d64743	{"id": "a1fc2831-da08-4dd5-9c89-381b07d64743", "created_at": "2025-08-01T10:54:38.388524+02:00", "transport_id": "a398955b-a419-4ed1-9211-73820a8afce5", "participant_id": "1c426e54-ea3d-4bb8-903b-65f12e6e02ad"}	\N	2025-08-01 10:54:38.951073+02
ee2f8213-64bf-47be-904c-3d91eca7a595	dff612aa-f30c-4a1e-9110-01128161bbb4	DELETE	transport_assignments	d7e2c920-3620-49fd-b990-f344eddec331	{"id": "d7e2c920-3620-49fd-b990-f344eddec331", "created_at": "2025-08-01T10:54:37.837822+02:00", "transport_id": "a398955b-a419-4ed1-9211-73820a8afce5", "participant_id": "f90993d6-1657-482a-983f-eee5734a8387"}	\N	2025-08-01 10:54:39.406073+02
bd5f1a94-8d07-415d-b592-c537291dcc01	dff612aa-f30c-4a1e-9110-01128161bbb4	DELETE	transport_assignments	795f15ec-835c-4a3d-a59e-ff182737b384	{"id": "795f15ec-835c-4a3d-a59e-ff182737b384", "created_at": "2025-08-01T10:54:36.524645+02:00", "transport_id": "a398955b-a419-4ed1-9211-73820a8afce5", "participant_id": "a41f0ec8-9ea6-48f6-8bcd-9a347bf8cb80"}	\N	2025-08-01 10:54:39.978819+02
4e24f5a6-8938-4769-8f61-f2d6acf6ab6d	dff612aa-f30c-4a1e-9110-01128161bbb4	DELETE	transport_assignments	b72e0eea-6173-4d58-b919-14a62eefe50f	{"id": "b72e0eea-6173-4d58-b919-14a62eefe50f", "created_at": "2025-08-01T10:54:36.977951+02:00", "transport_id": "a398955b-a419-4ed1-9211-73820a8afce5", "participant_id": "7b8209c2-4b44-4e70-adad-4543abe0d422"}	\N	2025-08-01 10:54:40.539256+02
6d137f5f-2449-4605-93b4-730dd260e6b3	dff612aa-f30c-4a1e-9110-01128161bbb4	DELETE	transport_assignments	e35cd4a6-f05f-47ac-9628-1e1e808c5275	{"id": "e35cd4a6-f05f-47ac-9628-1e1e808c5275", "created_at": "2025-08-01T10:41:24.827035+02:00", "transport_id": "a398955b-a419-4ed1-9211-73820a8afce5", "participant_id": "50efc093-8a8b-443f-82a6-061a65dcd6df"}	\N	2025-08-01 10:54:42.955576+02
f149e8a1-13ce-4306-b6fc-40d2e6d135b9	dff612aa-f30c-4a1e-9110-01128161bbb4	INSERT	transport_assignments	1fc9e524-47ba-4043-a6e3-91eac09654f9	\N	{"id": "1fc9e524-47ba-4043-a6e3-91eac09654f9", "created_at": "2025-08-01T10:56:16.370466+02:00", "transport_id": "a398955b-a419-4ed1-9211-73820a8afce5", "participant_id": "1c426e54-ea3d-4bb8-903b-65f12e6e02ad"}	2025-08-01 10:56:16.370466+02
b5745e15-062f-4f8e-b408-44e33a8932f7	dff612aa-f30c-4a1e-9110-01128161bbb4	INSERT	transport_assignments	368b4c83-a782-4a6f-b3cd-ea4748daa970	\N	{"id": "368b4c83-a782-4a6f-b3cd-ea4748daa970", "created_at": "2025-08-01T10:56:17.012566+02:00", "transport_id": "a398955b-a419-4ed1-9211-73820a8afce5", "participant_id": "f90993d6-1657-482a-983f-eee5734a8387"}	2025-08-01 10:56:17.012566+02
cb8225e6-78f4-43ee-ba90-3c52dbf219b2	dff612aa-f30c-4a1e-9110-01128161bbb4	DELETE	transport_assignments	368b4c83-a782-4a6f-b3cd-ea4748daa970	{"id": "368b4c83-a782-4a6f-b3cd-ea4748daa970", "created_at": "2025-08-01T10:56:17.012566+02:00", "transport_id": "a398955b-a419-4ed1-9211-73820a8afce5", "participant_id": "f90993d6-1657-482a-983f-eee5734a8387"}	\N	2025-08-01 10:56:17.66431+02
9ba8a9a7-eecb-490d-b9b2-cb9184fa2e3b	dff612aa-f30c-4a1e-9110-01128161bbb4	DELETE	transport_assignments	1fc9e524-47ba-4043-a6e3-91eac09654f9	{"id": "1fc9e524-47ba-4043-a6e3-91eac09654f9", "created_at": "2025-08-01T10:56:16.370466+02:00", "transport_id": "a398955b-a419-4ed1-9211-73820a8afce5", "participant_id": "1c426e54-ea3d-4bb8-903b-65f12e6e02ad"}	\N	2025-08-01 10:56:18.159361+02
ae03a1cc-7b56-4d4b-98dc-ec04d2808f1a	dff612aa-f30c-4a1e-9110-01128161bbb4	DELETE	transport_assignments	58e264dd-558b-4b39-acd9-2c89714bed9b	{"id": "58e264dd-558b-4b39-acd9-2c89714bed9b", "created_at": "2025-07-25T13:27:58.146691+02:00", "transport_id": "a9800d31-fa45-404a-9f66-72cc2cb06049", "participant_id": "07fc1037-95e5-4213-a216-e887869a7cb4"}	\N	2025-08-01 10:56:36.592912+02
7a0c8808-118f-43d8-a1e7-4556bcbc83b8	dff612aa-f30c-4a1e-9110-01128161bbb4	DELETE	transport_assignments	4ed8ce26-a433-41c6-b9e9-174fa671181e	{"id": "4ed8ce26-a433-41c6-b9e9-174fa671181e", "created_at": "2025-07-25T11:51:49.962408+02:00", "transport_id": "a9800d31-fa45-404a-9f66-72cc2cb06049", "participant_id": "f90993d6-1657-482a-983f-eee5734a8387"}	\N	2025-08-01 10:56:37.782348+02
1b04e07f-8a8a-498d-b025-bf71b6a7ec85	dff612aa-f30c-4a1e-9110-01128161bbb4	INSERT	transport_assignments	6b125f6c-9f96-49d0-ba56-3a72d299c5eb	\N	{"id": "6b125f6c-9f96-49d0-ba56-3a72d299c5eb", "created_at": "2025-08-01T10:56:40.253598+02:00", "transport_id": "a398955b-a419-4ed1-9211-73820a8afce5", "participant_id": "1c426e54-ea3d-4bb8-903b-65f12e6e02ad"}	2025-08-01 10:56:40.253598+02
c25cfbde-e507-4edf-a066-4efe39544e37	dff612aa-f30c-4a1e-9110-01128161bbb4	INSERT	transport_assignments	72068d90-a620-4f5c-81c2-9dd5d6083450	\N	{"id": "72068d90-a620-4f5c-81c2-9dd5d6083450", "created_at": "2025-08-01T10:56:40.834852+02:00", "transport_id": "a398955b-a419-4ed1-9211-73820a8afce5", "participant_id": "f90993d6-1657-482a-983f-eee5734a8387"}	2025-08-01 10:56:40.834852+02
ad8602b2-53fe-47c0-bf9d-16c4836c9592	dff612aa-f30c-4a1e-9110-01128161bbb4	INSERT	transport_assignments	27b0388a-b08e-4f31-bcc7-2aa42037fd3e	\N	{"id": "27b0388a-b08e-4f31-bcc7-2aa42037fd3e", "created_at": "2025-08-01T11:04:49.63039+02:00", "transport_id": "9e90bc5e-d774-4595-8dc1-03b2e1532a9c", "participant_id": "a9b7082a-462e-4d18-a00e-f05d2265fda7"}	2025-08-01 11:04:49.63039+02
d01373e9-4920-4e79-9479-da8a9bf4f690	dff612aa-f30c-4a1e-9110-01128161bbb4	DELETE	transport_assignments	27b0388a-b08e-4f31-bcc7-2aa42037fd3e	{"id": "27b0388a-b08e-4f31-bcc7-2aa42037fd3e", "created_at": "2025-08-01T11:04:49.63039+02:00", "transport_id": "9e90bc5e-d774-4595-8dc1-03b2e1532a9c", "participant_id": "a9b7082a-462e-4d18-a00e-f05d2265fda7"}	\N	2025-08-01 11:04:50.428985+02
d7915054-e88c-4947-97f6-8cddb68c2d31	dff612aa-f30c-4a1e-9110-01128161bbb4	DELETE	transport_assignments	c826757d-83fc-4ab3-be4e-abb6e1d5a0d0	{"id": "c826757d-83fc-4ab3-be4e-abb6e1d5a0d0", "created_at": "2025-08-01T10:43:13.091177+02:00", "transport_id": "9e90bc5e-d774-4595-8dc1-03b2e1532a9c", "participant_id": "93df8322-da8d-4da8-8f1f-d6cd5bad5439"}	\N	2025-08-01 11:04:51.001931+02
e70aadb2-c16f-4bd8-93fd-f50596b8ebcb	dff612aa-f30c-4a1e-9110-01128161bbb4	DELETE	transport_assignments	ce710401-854a-421a-9c45-c72153616d88	{"id": "ce710401-854a-421a-9c45-c72153616d88", "created_at": "2025-08-01T10:43:13.976438+02:00", "transport_id": "9e90bc5e-d774-4595-8dc1-03b2e1532a9c", "participant_id": "a5fd10e8-c73c-4a9c-9239-a0496bad036f"}	\N	2025-08-01 11:04:51.730161+02
7f5c2f54-f824-4b8e-b987-64d5e1d176ea	dff612aa-f30c-4a1e-9110-01128161bbb4	DELETE	transport_assignments	8d1d7c4e-70c9-4499-9eb7-bdd17993f008	{"id": "8d1d7c4e-70c9-4499-9eb7-bdd17993f008", "created_at": "2025-07-25T11:52:03.675258+02:00", "transport_id": "9e90bc5e-d774-4595-8dc1-03b2e1532a9c", "participant_id": "6d7697dd-23f1-47cd-9f6a-67f1dc766a5d"}	\N	2025-08-01 11:04:52.30607+02
f9226454-3f6b-46a2-b24f-7957fc1ca7cb	dff612aa-f30c-4a1e-9110-01128161bbb4	INSERT	transport_assignments	66ca6c97-da75-43f7-be28-5d8d908c994d	\N	{"id": "66ca6c97-da75-43f7-be28-5d8d908c994d", "created_at": "2025-08-01T11:04:54.226949+02:00", "transport_id": "9e90bc5e-d774-4595-8dc1-03b2e1532a9c", "participant_id": "7692c755-ab1f-4279-8273-c7ff3e5b61c9"}	2025-08-01 11:04:54.226949+02
0f51fe88-1093-4a34-8c5c-7a7b273f475b	dff612aa-f30c-4a1e-9110-01128161bbb4	INSERT	transport_assignments	a39058f8-81ca-4b34-88c0-bda0e89e006a	\N	{"id": "a39058f8-81ca-4b34-88c0-bda0e89e006a", "created_at": "2025-08-01T11:04:54.623618+02:00", "transport_id": "9e90bc5e-d774-4595-8dc1-03b2e1532a9c", "participant_id": "a9b7082a-462e-4d18-a00e-f05d2265fda7"}	2025-08-01 11:04:54.623618+02
1c6191ec-7bd4-44b9-9a93-7e7256695c23	dff612aa-f30c-4a1e-9110-01128161bbb4	INSERT	transport_assignments	b4cf3b95-b060-4407-8734-7ab92f89b99a	\N	{"id": "b4cf3b95-b060-4407-8734-7ab92f89b99a", "created_at": "2025-08-01T11:04:55.100391+02:00", "transport_id": "9e90bc5e-d774-4595-8dc1-03b2e1532a9c", "participant_id": "93df8322-da8d-4da8-8f1f-d6cd5bad5439"}	2025-08-01 11:04:55.100391+02
60b626e8-c10c-4a40-802c-b54a10908649	dff612aa-f30c-4a1e-9110-01128161bbb4	INSERT	transport_assignments	4dcc3bee-0ba3-4ca2-8c6f-b1e96d2234c7	\N	{"id": "4dcc3bee-0ba3-4ca2-8c6f-b1e96d2234c7", "created_at": "2025-08-01T11:04:55.526637+02:00", "transport_id": "9e90bc5e-d774-4595-8dc1-03b2e1532a9c", "participant_id": "a5fd10e8-c73c-4a9c-9239-a0496bad036f"}	2025-08-01 11:04:55.526637+02
bcbf8f11-9789-4f13-93ac-59151bfe5b2e	dff612aa-f30c-4a1e-9110-01128161bbb4	INSERT	transport_assignments	7158ca83-99cf-425d-9f88-7a299e54003a	\N	{"id": "7158ca83-99cf-425d-9f88-7a299e54003a", "created_at": "2025-08-01T11:28:11.364652+02:00", "transport_id": "a398955b-a419-4ed1-9211-73820a8afce5", "participant_id": "6d7697dd-23f1-47cd-9f6a-67f1dc766a5d"}	2025-08-01 11:28:11.364652+02
63ef6075-33c2-402e-8278-f19fa767fbb3	dff612aa-f30c-4a1e-9110-01128161bbb4	DELETE	transport_assignments	7158ca83-99cf-425d-9f88-7a299e54003a	{"id": "7158ca83-99cf-425d-9f88-7a299e54003a", "created_at": "2025-08-01T11:28:11.364652+02:00", "transport_id": "a398955b-a419-4ed1-9211-73820a8afce5", "participant_id": "6d7697dd-23f1-47cd-9f6a-67f1dc766a5d"}	\N	2025-08-01 11:28:12.565508+02
c3be61a8-8717-4f0e-bb1e-9191642ba263	dff612aa-f30c-4a1e-9110-01128161bbb4	INSERT	participants	c387c6c7-6afb-44c8-9890-31cecf0d1cc4	\N	{"id": "c387c6c7-6afb-44c8-9890-31cecf0d1cc4", "name": "test ", "notes": null, "phone": null, "event_id": "dff612aa-f30c-4a1e-9110-01128161bbb4", "created_at": "2025-08-01T11:55:22.352405+02:00", "updated_at": "2025-08-01T11:55:22.352405+02:00", "staying_full_time": true}	2025-08-01 11:55:22.352405+02
2f17e9c3-3604-4b63-9f56-96d1f0e2700f	dff612aa-f30c-4a1e-9110-01128161bbb4	INSERT	participants	bea3cfe8-ca80-4d4d-9ba5-ebb0bf0f4ed9	\N	{"id": "bea3cfe8-ca80-4d4d-9ba5-ebb0bf0f4ed9", "name": "leo", "notes": null, "phone": null, "event_id": "dff612aa-f30c-4a1e-9110-01128161bbb4", "created_at": "2025-08-01T12:00:28.902081+02:00", "updated_at": "2025-08-01T12:00:28.902081+02:00", "staying_full_time": true}	2025-08-01 12:00:28.902081+02
a59bd5a9-c608-44d7-907f-52ab9489339e	dff612aa-f30c-4a1e-9110-01128161bbb4	INSERT	participants	996b394a-b6e6-46c1-8054-f41b6bb0aae6	\N	{"id": "996b394a-b6e6-46c1-8054-f41b6bb0aae6", "name": "cnajsbdvsakjl", "notes": null, "phone": null, "event_id": "dff612aa-f30c-4a1e-9110-01128161bbb4", "created_at": "2025-08-01T12:08:30.023777+02:00", "updated_at": "2025-08-01T12:08:30.023777+02:00", "staying_full_time": true}	2025-08-01 12:08:30.023777+02
cdf832a0-7aa1-467f-9a31-a83392884b69	dff612aa-f30c-4a1e-9110-01128161bbb4	DELETE	participants	996b394a-b6e6-46c1-8054-f41b6bb0aae6	{"id": "996b394a-b6e6-46c1-8054-f41b6bb0aae6", "name": "cnajsbdvsakjl", "notes": null, "phone": null, "event_id": "dff612aa-f30c-4a1e-9110-01128161bbb4", "created_at": "2025-08-01T12:08:30.023777+02:00", "updated_at": "2025-08-01T12:08:30.023777+02:00", "staying_full_time": true}	\N	2025-08-01 12:08:36.151229+02
9f558cd3-65ee-4104-b642-32e95a75d8b2	dff612aa-f30c-4a1e-9110-01128161bbb4	DELETE	participants	bea3cfe8-ca80-4d4d-9ba5-ebb0bf0f4ed9	{"id": "bea3cfe8-ca80-4d4d-9ba5-ebb0bf0f4ed9", "name": "leo", "notes": null, "phone": null, "event_id": "dff612aa-f30c-4a1e-9110-01128161bbb4", "created_at": "2025-08-01T12:00:28.902081+02:00", "updated_at": "2025-08-01T12:00:28.902081+02:00", "staying_full_time": true}	\N	2025-08-01 12:08:44.761432+02
2a7d034a-72c9-440e-a15a-2d8c2f1e01cd	dff612aa-f30c-4a1e-9110-01128161bbb4	INSERT	participants	c7a808fb-23c4-4209-ac53-25e57bccf330	\N	{"id": "c7a808fb-23c4-4209-ac53-25e57bccf330", "name": "standa šlukeš", "notes": null, "phone": null, "event_id": "dff612aa-f30c-4a1e-9110-01128161bbb4", "created_at": "2025-08-01T12:09:07.396699+02:00", "updated_at": "2025-08-01T12:09:07.396699+02:00", "staying_full_time": true}	2025-08-01 12:09:07.396699+02
b52f1261-f3cc-4549-b971-da51dc185a92	dff612aa-f30c-4a1e-9110-01128161bbb4	DELETE	participants	c7a808fb-23c4-4209-ac53-25e57bccf330	{"id": "c7a808fb-23c4-4209-ac53-25e57bccf330", "name": "standa šlukeš", "notes": null, "phone": null, "event_id": "dff612aa-f30c-4a1e-9110-01128161bbb4", "created_at": "2025-08-01T12:09:07.396699+02:00", "updated_at": "2025-08-01T12:09:07.396699+02:00", "staying_full_time": true}	\N	2025-08-01 12:09:12.18722+02
85289f05-d6bf-449a-8e3e-b7e5d65020f1	dff612aa-f30c-4a1e-9110-01128161bbb4	INSERT	transport_assignments	ceb71c85-0935-498a-a9db-8b381c45c9c8	\N	{"id": "ceb71c85-0935-498a-a9db-8b381c45c9c8", "created_at": "2025-08-01T12:09:33.608395+02:00", "transport_id": "9e90bc5e-d774-4595-8dc1-03b2e1532a9c", "participant_id": "c387c6c7-6afb-44c8-9890-31cecf0d1cc4"}	2025-08-01 12:09:33.608395+02
6af7de4f-28b7-4637-93d1-4145f8f76164	dff612aa-f30c-4a1e-9110-01128161bbb4	DELETE	transport_assignments	a39058f8-81ca-4b34-88c0-bda0e89e006a	{"id": "a39058f8-81ca-4b34-88c0-bda0e89e006a", "created_at": "2025-08-01T11:04:54.623618+02:00", "transport_id": "9e90bc5e-d774-4595-8dc1-03b2e1532a9c", "participant_id": "a9b7082a-462e-4d18-a00e-f05d2265fda7"}	\N	2025-08-01 12:09:34.580886+02
7dd73db5-fbcb-452e-a7d5-a24367f434fd	dff612aa-f30c-4a1e-9110-01128161bbb4	DELETE	transport_assignments	66ca6c97-da75-43f7-be28-5d8d908c994d	{"id": "66ca6c97-da75-43f7-be28-5d8d908c994d", "created_at": "2025-08-01T11:04:54.226949+02:00", "transport_id": "9e90bc5e-d774-4595-8dc1-03b2e1532a9c", "participant_id": "7692c755-ab1f-4279-8273-c7ff3e5b61c9"}	\N	2025-08-01 12:09:34.938294+02
3282e72f-aae1-467e-abc7-05deabda04ff	dff612aa-f30c-4a1e-9110-01128161bbb4	DELETE	transport_assignments	b4cf3b95-b060-4407-8734-7ab92f89b99a	{"id": "b4cf3b95-b060-4407-8734-7ab92f89b99a", "created_at": "2025-08-01T11:04:55.100391+02:00", "transport_id": "9e90bc5e-d774-4595-8dc1-03b2e1532a9c", "participant_id": "93df8322-da8d-4da8-8f1f-d6cd5bad5439"}	\N	2025-08-01 12:09:35.53959+02
aa872b19-0b6d-4978-807d-945cd040345f	dff612aa-f30c-4a1e-9110-01128161bbb4	INSERT	transport_assignments	ebca1293-f10b-4c50-97f0-0adfb688bb2f	\N	{"id": "ebca1293-f10b-4c50-97f0-0adfb688bb2f", "created_at": "2025-08-01T12:09:36.357469+02:00", "transport_id": "9e90bc5e-d774-4595-8dc1-03b2e1532a9c", "participant_id": "a1e2cb39-3784-4ae8-be2e-697bc39d3d00"}	2025-08-01 12:09:36.357469+02
c04e305e-39b1-4331-9517-81cf5655c61f	dff612aa-f30c-4a1e-9110-01128161bbb4	INSERT	transport_assignments	fb0edfe9-272b-49e1-99fd-a84bb8cd6f17	\N	{"id": "fb0edfe9-272b-49e1-99fd-a84bb8cd6f17", "created_at": "2025-08-01T12:09:36.963453+02:00", "transport_id": "9e90bc5e-d774-4595-8dc1-03b2e1532a9c", "participant_id": "34e2cc92-50f8-45ed-a38d-03791e6ec1ba"}	2025-08-01 12:09:36.963453+02
9dd3ea61-5234-49a0-959f-426e4f8107ba	dff612aa-f30c-4a1e-9110-01128161bbb4	INSERT	inventory_items	8a3f8d9b-4392-4793-b8db-dea3c40fa194	\N	{"id": "8a3f8d9b-4392-4793-b8db-dea3c40fa194", "name": "Postava jak mikrofon", "notes": "Přesunuto z WANTED", "event_id": "dff612aa-f30c-4a1e-9110-01128161bbb4", "quantity": 1, "created_at": "2025-08-01T12:26:22.946881+02:00", "updated_at": "2025-08-01T12:26:22.946881+02:00", "assigned_to": "93df8322-da8d-4da8-8f1f-d6cd5bad5439", "description": null}	2025-08-01 12:26:22.946881+02
2f924ddd-14dc-41c6-a52a-b77116eac258	dff612aa-f30c-4a1e-9110-01128161bbb4	INSERT	inventory_items	a88f6dc9-0831-44ed-98e2-c71bf0681b0a	\N	{"id": "a88f6dc9-0831-44ed-98e2-c71bf0681b0a", "name": "COCAINA", "notes": "Přesunuto z WANTED - mám tady ten předmět", "event_id": "dff612aa-f30c-4a1e-9110-01128161bbb4", "quantity": 1, "created_at": "2025-08-01T12:28:40.863527+02:00", "updated_at": "2025-08-01T12:28:40.863527+02:00", "assigned_to": "a9b7082a-462e-4d18-a00e-f05d2265fda7", "description": null}	2025-08-01 12:28:40.863527+02
0a4a6b89-9b0a-4d62-86e5-b224485d513a	dff612aa-f30c-4a1e-9110-01128161bbb4	INSERT	inventory_items	8a09818c-4dd1-4e91-ae0d-2714576d6a66	\N	{"id": "8a09818c-4dd1-4e91-ae0d-2714576d6a66", "name": "test s poznámkou", "notes": "Přesunuto z WANTED", "event_id": "dff612aa-f30c-4a1e-9110-01128161bbb4", "quantity": 1, "created_at": "2025-08-01T12:32:14.823749+02:00", "updated_at": "2025-08-01T12:32:14.823749+02:00", "assigned_to": "34e2cc92-50f8-45ed-a38d-03791e6ec1ba", "description": null}	2025-08-01 12:32:14.823749+02
7bbd3bfb-4d4a-45ac-aab6-7327912ebdc8	dff612aa-f30c-4a1e-9110-01128161bbb4	INSERT	participants	f714a98c-f101-43ff-8d03-225b9610c224	\N	{"id": "f714a98c-f101-43ff-8d03-225b9610c224", "name": "testuju mapuju", "notes": "465465465", "phone": null, "event_id": "dff612aa-f30c-4a1e-9110-01128161bbb4", "created_at": "2025-08-01T12:32:39.466498+02:00", "updated_at": "2025-08-01T12:32:39.466498+02:00", "staying_full_time": false}	2025-08-01 12:32:39.466498+02
9072c430-ba27-4403-8335-75e7f40a5d2c	dff612aa-f30c-4a1e-9110-01128161bbb4	INSERT	inventory_items	e98de7c8-6afd-4927-b495-2481c3d04243	\N	{"id": "e98de7c8-6afd-4927-b495-2481c3d04243", "name": "kytara", "notes": "Přesunuto z WANTED", "event_id": "dff612aa-f30c-4a1e-9110-01128161bbb4", "quantity": 1, "created_at": "2025-08-01T12:33:43.471463+02:00", "updated_at": "2025-08-01T12:33:43.471463+02:00", "assigned_to": "f714a98c-f101-43ff-8d03-225b9610c224", "description": null}	2025-08-01 12:33:43.471463+02
db3acd56-7cf8-4e5d-8cde-25c9070828a7	dff612aa-f30c-4a1e-9110-01128161bbb4	INSERT	inventory_items	82fc2f47-fe34-4cc1-a0ea-d49949a0f972	\N	{"id": "82fc2f47-fe34-4cc1-a0ea-d49949a0f972", "name": "mikrofon", "notes": "Přesunuto z WANTED", "event_id": "dff612aa-f30c-4a1e-9110-01128161bbb4", "quantity": 1, "created_at": "2025-08-01T12:33:57.450857+02:00", "updated_at": "2025-08-01T12:33:57.450857+02:00", "assigned_to": "7692c755-ab1f-4279-8273-c7ff3e5b61c9", "description": null}	2025-08-01 12:33:57.450857+02
b1f5f0a9-9d9c-4e38-9b27-f3a66e1ac078	dff612aa-f30c-4a1e-9110-01128161bbb4	INSERT	transport_assignments	1381c6ca-2fc0-4963-9b4c-8f8db97a4eba	\N	{"id": "1381c6ca-2fc0-4963-9b4c-8f8db97a4eba", "created_at": "2025-08-01T13:13:50.216514+02:00", "transport_id": "9e90bc5e-d774-4595-8dc1-03b2e1532a9c", "participant_id": "93df8322-da8d-4da8-8f1f-d6cd5bad5439"}	2025-08-01 13:13:50.216514+02
e6297344-5fbf-46e8-bcdc-c07ae77f43cf	dff612aa-f30c-4a1e-9110-01128161bbb4	INSERT	transport_assignments	689fcc48-8db6-463b-9389-3c04b3c19a8c	\N	{"id": "689fcc48-8db6-463b-9389-3c04b3c19a8c", "created_at": "2025-08-01T13:13:50.564521+02:00", "transport_id": "9e90bc5e-d774-4595-8dc1-03b2e1532a9c", "participant_id": "a9b7082a-462e-4d18-a00e-f05d2265fda7"}	2025-08-01 13:13:50.564521+02
8cdb0f83-8e4b-4274-9cbf-99613e5a6d10	dff612aa-f30c-4a1e-9110-01128161bbb4	INSERT	transport_assignments	6c9bafbf-8204-4754-8ab4-535790a1d463	\N	{"id": "6c9bafbf-8204-4754-8ab4-535790a1d463", "created_at": "2025-08-01T13:13:51.3947+02:00", "transport_id": "9e90bc5e-d774-4595-8dc1-03b2e1532a9c", "participant_id": "50efc093-8a8b-443f-82a6-061a65dcd6df"}	2025-08-01 13:13:51.3947+02
4173ed38-45b8-4b7d-9f41-a5879ede575d	dff612aa-f30c-4a1e-9110-01128161bbb4	DELETE	transport_assignments	6c9bafbf-8204-4754-8ab4-535790a1d463	{"id": "6c9bafbf-8204-4754-8ab4-535790a1d463", "created_at": "2025-08-01T13:13:51.3947+02:00", "transport_id": "9e90bc5e-d774-4595-8dc1-03b2e1532a9c", "participant_id": "50efc093-8a8b-443f-82a6-061a65dcd6df"}	\N	2025-08-01 13:13:52.206773+02
cc7c289b-b6b6-43a5-9f7b-076be197158f	dff612aa-f30c-4a1e-9110-01128161bbb4	DELETE	transport_assignments	689fcc48-8db6-463b-9389-3c04b3c19a8c	{"id": "689fcc48-8db6-463b-9389-3c04b3c19a8c", "created_at": "2025-08-01T13:13:50.564521+02:00", "transport_id": "9e90bc5e-d774-4595-8dc1-03b2e1532a9c", "participant_id": "a9b7082a-462e-4d18-a00e-f05d2265fda7"}	\N	2025-08-01 13:13:53.077723+02
885c42f9-8dc9-4a01-b6ec-3e537fa4bec0	dff612aa-f30c-4a1e-9110-01128161bbb4	DELETE	participants	7692c755-ab1f-4279-8273-c7ff3e5b61c9	{"id": "7692c755-ab1f-4279-8273-c7ff3e5b61c9", "name": "Schorňa", "notes": "dva dny", "phone": null, "event_id": "dff612aa-f30c-4a1e-9110-01128161bbb4", "created_at": "2025-07-25T08:01:47.432947+02:00", "updated_at": "2025-07-25T09:57:41.292554+02:00", "staying_full_time": false}	\N	2025-08-01 14:23:00.283353+02
986330d3-bd67-4e72-84b8-e3b301dd4a18	dff612aa-f30c-4a1e-9110-01128161bbb4	DELETE	transport_assignments	91525777-208c-43ed-8c8d-31af4afd08c0	{"id": "91525777-208c-43ed-8c8d-31af4afd08c0", "created_at": "2025-08-01T10:42:11.729673+02:00", "transport_id": "a398955b-a419-4ed1-9211-73820a8afce5", "participant_id": "7692c755-ab1f-4279-8273-c7ff3e5b61c9"}	\N	2025-08-01 14:23:00.283353+02
6e6a2c40-5e62-4298-a922-382d958eb811	dff612aa-f30c-4a1e-9110-01128161bbb4	UPDATE	inventory_items	82fc2f47-fe34-4cc1-a0ea-d49949a0f972	{"id": "82fc2f47-fe34-4cc1-a0ea-d49949a0f972", "name": "mikrofon", "notes": "Přesunuto z WANTED", "event_id": "dff612aa-f30c-4a1e-9110-01128161bbb4", "quantity": 1, "created_at": "2025-08-01T12:33:57.450857+02:00", "updated_at": "2025-08-01T12:33:57.450857+02:00", "assigned_to": "7692c755-ab1f-4279-8273-c7ff3e5b61c9", "description": null}	{"id": "82fc2f47-fe34-4cc1-a0ea-d49949a0f972", "name": "mikrofon", "notes": "Přesunuto z WANTED", "event_id": "dff612aa-f30c-4a1e-9110-01128161bbb4", "quantity": 1, "created_at": "2025-08-01T12:33:57.450857+02:00", "updated_at": "2025-08-01T14:23:00.283353+02:00", "assigned_to": null, "description": null}	2025-08-01 14:23:00.283353+02
53a8f054-1b6e-48ba-8a57-bd915418f76d	dff612aa-f30c-4a1e-9110-01128161bbb4	DELETE	participants	a9b7082a-462e-4d18-a00e-f05d2265fda7	{"id": "a9b7082a-462e-4d18-a00e-f05d2265fda7", "name": "Simona", "notes": "budu celou dobu, možná budu muset jeden den pracovat", "phone": null, "event_id": "dff612aa-f30c-4a1e-9110-01128161bbb4", "created_at": "2025-07-25T08:03:09.964805+02:00", "updated_at": "2025-07-25T10:01:22.466673+02:00", "staying_full_time": true}	\N	2025-08-01 14:23:01.943483+02
691ca13c-9ae4-42a6-ad91-9b53ba4da657	dff612aa-f30c-4a1e-9110-01128161bbb4	DELETE	transport_assignments	def50287-9221-4a28-934f-8271d465d61b	{"id": "def50287-9221-4a28-934f-8271d465d61b", "created_at": "2025-08-01T10:41:25.481472+02:00", "transport_id": "a398955b-a419-4ed1-9211-73820a8afce5", "participant_id": "a9b7082a-462e-4d18-a00e-f05d2265fda7"}	\N	2025-08-01 14:23:01.943483+02
1619f2db-ddc6-4d06-9d54-9deab51550de	dff612aa-f30c-4a1e-9110-01128161bbb4	UPDATE	inventory_items	a88f6dc9-0831-44ed-98e2-c71bf0681b0a	{"id": "a88f6dc9-0831-44ed-98e2-c71bf0681b0a", "name": "COCAINA", "notes": "Přesunuto z WANTED - mám tady ten předmět", "event_id": "dff612aa-f30c-4a1e-9110-01128161bbb4", "quantity": 1, "created_at": "2025-08-01T12:28:40.863527+02:00", "updated_at": "2025-08-01T12:28:40.863527+02:00", "assigned_to": "a9b7082a-462e-4d18-a00e-f05d2265fda7", "description": null}	{"id": "a88f6dc9-0831-44ed-98e2-c71bf0681b0a", "name": "COCAINA", "notes": "Přesunuto z WANTED - mám tady ten předmět", "event_id": "dff612aa-f30c-4a1e-9110-01128161bbb4", "quantity": 1, "created_at": "2025-08-01T12:28:40.863527+02:00", "updated_at": "2025-08-01T14:23:01.943483+02:00", "assigned_to": null, "description": null}	2025-08-01 14:23:01.943483+02
486a6670-b59f-4cef-8bc6-824c49acb500	dff612aa-f30c-4a1e-9110-01128161bbb4	DELETE	participants	93df8322-da8d-4da8-8f1f-d6cd5bad5439	{"id": "93df8322-da8d-4da8-8f1f-d6cd5bad5439", "name": "Zapadáček", "notes": null, "phone": null, "event_id": "dff612aa-f30c-4a1e-9110-01128161bbb4", "created_at": "2025-07-25T08:03:14.234362+02:00", "updated_at": "2025-07-25T12:37:18.106229+02:00", "staying_full_time": true}	\N	2025-08-01 14:23:03.265551+02
db00ec6c-6219-4b8a-a55a-1bcecd8551bd	dff612aa-f30c-4a1e-9110-01128161bbb4	DELETE	transport_assignments	1381c6ca-2fc0-4963-9b4c-8f8db97a4eba	{"id": "1381c6ca-2fc0-4963-9b4c-8f8db97a4eba", "created_at": "2025-08-01T13:13:50.216514+02:00", "transport_id": "9e90bc5e-d774-4595-8dc1-03b2e1532a9c", "participant_id": "93df8322-da8d-4da8-8f1f-d6cd5bad5439"}	\N	2025-08-01 14:23:03.265551+02
25e6d416-a7d0-4bfc-a87c-8e4cc1539888	dff612aa-f30c-4a1e-9110-01128161bbb4	DELETE	transport_assignments	ee127091-55f3-4229-a0ea-201e96ca1f71	{"id": "ee127091-55f3-4229-a0ea-201e96ca1f71", "created_at": "2025-08-01T10:41:23.91117+02:00", "transport_id": "a398955b-a419-4ed1-9211-73820a8afce5", "participant_id": "93df8322-da8d-4da8-8f1f-d6cd5bad5439"}	\N	2025-08-01 14:23:03.265551+02
6ed227fe-fdba-4221-bc40-32147438e610	dff612aa-f30c-4a1e-9110-01128161bbb4	UPDATE	inventory_items	5b152582-6c30-4183-9e5c-1a1c4de3c5cc	{"id": "5b152582-6c30-4183-9e5c-1a1c4de3c5cc", "name": "deskovky", "notes": "activity, catan, uno", "event_id": "dff612aa-f30c-4a1e-9110-01128161bbb4", "quantity": 1, "created_at": "2025-07-25T10:11:58.9529+02:00", "updated_at": "2025-07-25T11:06:40.223026+02:00", "assigned_to": "93df8322-da8d-4da8-8f1f-d6cd5bad5439", "description": "activity, bang, uno"}	{"id": "5b152582-6c30-4183-9e5c-1a1c4de3c5cc", "name": "deskovky", "notes": "activity, catan, uno", "event_id": "dff612aa-f30c-4a1e-9110-01128161bbb4", "quantity": 1, "created_at": "2025-07-25T10:11:58.9529+02:00", "updated_at": "2025-08-01T14:23:03.265551+02:00", "assigned_to": null, "description": "activity, bang, uno"}	2025-08-01 14:23:03.265551+02
4c1a9bb8-b5b0-436b-83e0-86de443b3310	dff612aa-f30c-4a1e-9110-01128161bbb4	UPDATE	inventory_items	8a3f8d9b-4392-4793-b8db-dea3c40fa194	{"id": "8a3f8d9b-4392-4793-b8db-dea3c40fa194", "name": "Postava jak mikrofon", "notes": "Přesunuto z WANTED", "event_id": "dff612aa-f30c-4a1e-9110-01128161bbb4", "quantity": 1, "created_at": "2025-08-01T12:26:22.946881+02:00", "updated_at": "2025-08-01T12:26:22.946881+02:00", "assigned_to": "93df8322-da8d-4da8-8f1f-d6cd5bad5439", "description": null}	{"id": "8a3f8d9b-4392-4793-b8db-dea3c40fa194", "name": "Postava jak mikrofon", "notes": "Přesunuto z WANTED", "event_id": "dff612aa-f30c-4a1e-9110-01128161bbb4", "quantity": 1, "created_at": "2025-08-01T12:26:22.946881+02:00", "updated_at": "2025-08-01T14:23:03.265551+02:00", "assigned_to": null, "description": null}	2025-08-01 14:23:03.265551+02
3232eb41-3a2f-4f62-8620-49bcaf780c12	dff612aa-f30c-4a1e-9110-01128161bbb4	DELETE	participants	a5fd10e8-c73c-4a9c-9239-a0496bad036f	{"id": "a5fd10e8-c73c-4a9c-9239-a0496bad036f", "name": "David Drexler", "notes": null, "phone": null, "event_id": "dff612aa-f30c-4a1e-9110-01128161bbb4", "created_at": "2025-07-25T10:04:39.563158+02:00", "updated_at": "2025-07-25T10:04:39.563158+02:00", "staying_full_time": true}	\N	2025-08-01 14:23:04.51022+02
6fca9b38-39dd-4baa-b027-3dc7434f1af9	dff612aa-f30c-4a1e-9110-01128161bbb4	DELETE	transport_assignments	4dcc3bee-0ba3-4ca2-8c6f-b1e96d2234c7	{"id": "4dcc3bee-0ba3-4ca2-8c6f-b1e96d2234c7", "created_at": "2025-08-01T11:04:55.526637+02:00", "transport_id": "9e90bc5e-d774-4595-8dc1-03b2e1532a9c", "participant_id": "a5fd10e8-c73c-4a9c-9239-a0496bad036f"}	\N	2025-08-01 14:23:04.51022+02
0d43b395-4543-4bcb-836f-1815d9191081	dff612aa-f30c-4a1e-9110-01128161bbb4	DELETE	transport_assignments	377f0cd1-c0fb-47fd-98be-529ff616e451	{"id": "377f0cd1-c0fb-47fd-98be-529ff616e451", "created_at": "2025-08-01T10:41:23.543692+02:00", "transport_id": "a398955b-a419-4ed1-9211-73820a8afce5", "participant_id": "a5fd10e8-c73c-4a9c-9239-a0496bad036f"}	\N	2025-08-01 14:23:04.51022+02
e675a28d-1cef-4fad-9f36-eae16c167fb1	dff612aa-f30c-4a1e-9110-01128161bbb4	UPDATE	inventory_items	6bde3f06-c57e-4fa3-b971-f522793809a4	{"id": "6bde3f06-c57e-4fa3-b971-f522793809a4", "name": "pivko", "notes": null, "event_id": "dff612aa-f30c-4a1e-9110-01128161bbb4", "quantity": 5, "created_at": "2025-07-25T10:12:22.967579+02:00", "updated_at": "2025-07-25T10:12:22.967579+02:00", "assigned_to": "a5fd10e8-c73c-4a9c-9239-a0496bad036f", "description": "50L radegast 10"}	{"id": "6bde3f06-c57e-4fa3-b971-f522793809a4", "name": "pivko", "notes": null, "event_id": "dff612aa-f30c-4a1e-9110-01128161bbb4", "quantity": 5, "created_at": "2025-07-25T10:12:22.967579+02:00", "updated_at": "2025-08-01T14:23:04.51022+02:00", "assigned_to": null, "description": "50L radegast 10"}	2025-08-01 14:23:04.51022+02
77fb697e-ea87-4367-ab55-e528dedcf2f7	dff612aa-f30c-4a1e-9110-01128161bbb4	UPDATE	inventory_items	bfabea46-7033-4bc3-90ad-7332e8325717	{"id": "bfabea46-7033-4bc3-90ad-7332e8325717", "name": "Projektor", "notes": null, "event_id": "dff612aa-f30c-4a1e-9110-01128161bbb4", "quantity": 1, "created_at": "2025-07-25T10:53:15.051205+02:00", "updated_at": "2025-07-25T10:53:15.051205+02:00", "assigned_to": "a5fd10e8-c73c-4a9c-9239-a0496bad036f", "description": null}	{"id": "bfabea46-7033-4bc3-90ad-7332e8325717", "name": "Projektor", "notes": null, "event_id": "dff612aa-f30c-4a1e-9110-01128161bbb4", "quantity": 1, "created_at": "2025-07-25T10:53:15.051205+02:00", "updated_at": "2025-08-01T14:23:04.51022+02:00", "assigned_to": null, "description": null}	2025-08-01 14:23:04.51022+02
b7517a02-8ea7-4090-bb24-9dd3798fde65	dff612aa-f30c-4a1e-9110-01128161bbb4	DELETE	participants	1c426e54-ea3d-4bb8-903b-65f12e6e02ad	{"id": "1c426e54-ea3d-4bb8-903b-65f12e6e02ad", "name": "Lída", "notes": null, "phone": null, "event_id": "dff612aa-f30c-4a1e-9110-01128161bbb4", "created_at": "2025-07-25T10:04:46.757002+02:00", "updated_at": "2025-07-25T10:04:46.757002+02:00", "staying_full_time": true}	\N	2025-08-01 14:23:06.797854+02
deeb1377-e8db-4e57-aa7b-d5cb3efd6fee	dff612aa-f30c-4a1e-9110-01128161bbb4	DELETE	transport_assignments	6b125f6c-9f96-49d0-ba56-3a72d299c5eb	{"id": "6b125f6c-9f96-49d0-ba56-3a72d299c5eb", "created_at": "2025-08-01T10:56:40.253598+02:00", "transport_id": "a398955b-a419-4ed1-9211-73820a8afce5", "participant_id": "1c426e54-ea3d-4bb8-903b-65f12e6e02ad"}	\N	2025-08-01 14:23:06.797854+02
73cd34c2-5e21-49af-b2da-e3984c764e6c	dff612aa-f30c-4a1e-9110-01128161bbb4	DELETE	participants	6d7697dd-23f1-47cd-9f6a-67f1dc766a5d	{"id": "6d7697dd-23f1-47cd-9f6a-67f1dc766a5d", "name": "Standa Lukeš", "notes": null, "phone": null, "event_id": "dff612aa-f30c-4a1e-9110-01128161bbb4", "created_at": "2025-07-25T10:06:32.400992+02:00", "updated_at": "2025-07-25T10:06:32.400992+02:00", "staying_full_time": true}	\N	2025-08-01 14:23:22.234614+02
a577b2e9-1ba8-415f-9437-5bb2694093aa	dff612aa-f30c-4a1e-9110-01128161bbb4	DELETE	participants	c387c6c7-6afb-44c8-9890-31cecf0d1cc4	{"id": "c387c6c7-6afb-44c8-9890-31cecf0d1cc4", "name": "test ", "notes": null, "phone": null, "event_id": "dff612aa-f30c-4a1e-9110-01128161bbb4", "created_at": "2025-08-01T11:55:22.352405+02:00", "updated_at": "2025-08-01T11:55:22.352405+02:00", "staying_full_time": true}	\N	2025-08-01 14:23:23.931792+02
5a474736-0222-41ad-ad24-a277599dddb1	dff612aa-f30c-4a1e-9110-01128161bbb4	DELETE	transport_assignments	ceb71c85-0935-498a-a9db-8b381c45c9c8	{"id": "ceb71c85-0935-498a-a9db-8b381c45c9c8", "created_at": "2025-08-01T12:09:33.608395+02:00", "transport_id": "9e90bc5e-d774-4595-8dc1-03b2e1532a9c", "participant_id": "c387c6c7-6afb-44c8-9890-31cecf0d1cc4"}	\N	2025-08-01 14:23:23.931792+02
18474d20-b04f-4965-b4d6-91bc577fb3f9	dff612aa-f30c-4a1e-9110-01128161bbb4	DELETE	inventory_items	8a09818c-4dd1-4e91-ae0d-2714576d6a66	{"id": "8a09818c-4dd1-4e91-ae0d-2714576d6a66", "name": "test s poznámkou", "notes": "Přesunuto z WANTED", "event_id": "dff612aa-f30c-4a1e-9110-01128161bbb4", "quantity": 1, "created_at": "2025-08-01T12:32:14.823749+02:00", "updated_at": "2025-08-01T14:23:17.45275+02:00", "assigned_to": null, "description": null}	\N	2025-08-01 14:23:42.440459+02
23776125-1790-446a-a464-997b3b1bda03	dff612aa-f30c-4a1e-9110-01128161bbb4	DELETE	inventory_items	a88f6dc9-0831-44ed-98e2-c71bf0681b0a	{"id": "a88f6dc9-0831-44ed-98e2-c71bf0681b0a", "name": "COCAINA", "notes": "Přesunuto z WANTED - mám tady ten předmět", "event_id": "dff612aa-f30c-4a1e-9110-01128161bbb4", "quantity": 1, "created_at": "2025-08-01T12:28:40.863527+02:00", "updated_at": "2025-08-01T14:23:01.943483+02:00", "assigned_to": null, "description": null}	\N	2025-08-01 14:23:44.072762+02
75f5652b-7cbc-42c2-9831-a4cdd7c3065c	dff612aa-f30c-4a1e-9110-01128161bbb4	DELETE	inventory_items	bfabea46-7033-4bc3-90ad-7332e8325717	{"id": "bfabea46-7033-4bc3-90ad-7332e8325717", "name": "Projektor", "notes": null, "event_id": "dff612aa-f30c-4a1e-9110-01128161bbb4", "quantity": 1, "created_at": "2025-07-25T10:53:15.051205+02:00", "updated_at": "2025-08-01T14:23:04.51022+02:00", "assigned_to": null, "description": null}	\N	2025-08-01 14:23:47.741362+02
57b2db44-ea01-43d1-b8cf-04c2a87dcab0	dff612aa-f30c-4a1e-9110-01128161bbb4	DELETE	participants	f90993d6-1657-482a-983f-eee5734a8387	{"id": "f90993d6-1657-482a-983f-eee5734a8387", "name": "Roba", "notes": null, "phone": null, "event_id": "dff612aa-f30c-4a1e-9110-01128161bbb4", "created_at": "2025-07-25T10:04:50.386709+02:00", "updated_at": "2025-07-25T10:04:50.386709+02:00", "staying_full_time": true}	\N	2025-08-01 14:23:08.22338+02
455ff525-e54e-40ab-a873-25c763332905	dff612aa-f30c-4a1e-9110-01128161bbb4	DELETE	transport_assignments	72068d90-a620-4f5c-81c2-9dd5d6083450	{"id": "72068d90-a620-4f5c-81c2-9dd5d6083450", "created_at": "2025-08-01T10:56:40.834852+02:00", "transport_id": "a398955b-a419-4ed1-9211-73820a8afce5", "participant_id": "f90993d6-1657-482a-983f-eee5734a8387"}	\N	2025-08-01 14:23:08.22338+02
b4f8d135-14b4-4c85-91c8-a880bb3cda27	dff612aa-f30c-4a1e-9110-01128161bbb4	DELETE	participants	a1e2cb39-3784-4ae8-be2e-697bc39d3d00	{"id": "a1e2cb39-3784-4ae8-be2e-697bc39d3d00", "name": "Áďa", "notes": null, "phone": null, "event_id": "dff612aa-f30c-4a1e-9110-01128161bbb4", "created_at": "2025-07-25T10:05:11.951216+02:00", "updated_at": "2025-07-25T10:05:11.951216+02:00", "staying_full_time": true}	\N	2025-08-01 14:23:15.752935+02
ae611dad-364a-44a8-9185-5f7650bd4aa7	dff612aa-f30c-4a1e-9110-01128161bbb4	DELETE	transport_assignments	ebca1293-f10b-4c50-97f0-0adfb688bb2f	{"id": "ebca1293-f10b-4c50-97f0-0adfb688bb2f", "created_at": "2025-08-01T12:09:36.357469+02:00", "transport_id": "9e90bc5e-d774-4595-8dc1-03b2e1532a9c", "participant_id": "a1e2cb39-3784-4ae8-be2e-697bc39d3d00"}	\N	2025-08-01 14:23:15.752935+02
b6f9f68c-85e3-4f5c-b7d1-abeeee67b475	dff612aa-f30c-4a1e-9110-01128161bbb4	DELETE	transport_assignments	b93fae1c-e3ac-4417-90ba-d72a998387c1	{"id": "b93fae1c-e3ac-4417-90ba-d72a998387c1", "created_at": "2025-08-01T10:41:24.227718+02:00", "transport_id": "a398955b-a419-4ed1-9211-73820a8afce5", "participant_id": "a1e2cb39-3784-4ae8-be2e-697bc39d3d00"}	\N	2025-08-01 14:23:15.752935+02
d586267a-dc12-47f2-b6c7-aafffcd6a5a2	dff612aa-f30c-4a1e-9110-01128161bbb4	DELETE	participants	a41f0ec8-9ea6-48f6-8bcd-9a347bf8cb80	{"id": "a41f0ec8-9ea6-48f6-8bcd-9a347bf8cb80", "name": "Veči", "notes": null, "phone": null, "event_id": "dff612aa-f30c-4a1e-9110-01128161bbb4", "created_at": "2025-07-25T10:05:18.514758+02:00", "updated_at": "2025-07-25T10:05:18.514758+02:00", "staying_full_time": true}	\N	2025-08-01 14:23:19.027547+02
74b65288-87d4-4be3-9532-f8f9944aa875	dff612aa-f30c-4a1e-9110-01128161bbb4	DELETE	transport_assignments	44410613-660f-4d88-b43e-e9a360cf5310	{"id": "44410613-660f-4d88-b43e-e9a360cf5310", "created_at": "2025-07-25T11:51:12.150496+02:00", "transport_id": "a9800d31-fa45-404a-9f66-72cc2cb06049", "participant_id": "a41f0ec8-9ea6-48f6-8bcd-9a347bf8cb80"}	\N	2025-08-01 14:23:19.027547+02
12f35b99-2757-4366-90e5-cb13b18613b8	dff612aa-f30c-4a1e-9110-01128161bbb4	DELETE	inventory_items	e98de7c8-6afd-4927-b495-2481c3d04243	{"id": "e98de7c8-6afd-4927-b495-2481c3d04243", "name": "kytara", "notes": "Přesunuto z WANTED", "event_id": "dff612aa-f30c-4a1e-9110-01128161bbb4", "quantity": 1, "created_at": "2025-08-01T12:33:43.471463+02:00", "updated_at": "2025-08-01T14:23:25.651529+02:00", "assigned_to": null, "description": null}	\N	2025-08-01 14:23:45.925385+02
28c458de-7cb3-4950-853e-d9efebbaeab4	dff612aa-f30c-4a1e-9110-01128161bbb4	DELETE	participants	07fc1037-95e5-4213-a216-e887869a7cb4	{"id": "07fc1037-95e5-4213-a216-e887869a7cb4", "name": "Vencka", "notes": null, "phone": null, "event_id": "dff612aa-f30c-4a1e-9110-01128161bbb4", "created_at": "2025-07-25T10:04:53.855813+02:00", "updated_at": "2025-07-25T10:04:53.855813+02:00", "staying_full_time": true}	\N	2025-08-01 14:23:11.487479+02
0f39e21c-9295-45de-a7af-d41b3d7a79b5	dff612aa-f30c-4a1e-9110-01128161bbb4	DELETE	transport_assignments	640d7a5b-e963-4394-9535-5fb7b4d4e4ba	{"id": "640d7a5b-e963-4394-9535-5fb7b4d4e4ba", "created_at": "2025-08-01T10:41:25.132864+02:00", "transport_id": "a398955b-a419-4ed1-9211-73820a8afce5", "participant_id": "07fc1037-95e5-4213-a216-e887869a7cb4"}	\N	2025-08-01 14:23:11.487479+02
99c4298a-f241-4c06-b72b-f75237726bf1	dff612aa-f30c-4a1e-9110-01128161bbb4	DELETE	participants	50efc093-8a8b-443f-82a6-061a65dcd6df	{"id": "50efc093-8a8b-443f-82a6-061a65dcd6df", "name": "Cucátko", "notes": null, "phone": null, "event_id": "dff612aa-f30c-4a1e-9110-01128161bbb4", "created_at": "2025-07-25T10:05:00.680258+02:00", "updated_at": "2025-07-25T10:05:00.680258+02:00", "staying_full_time": true}	\N	2025-08-01 14:23:14.250581+02
353d29a7-c567-4cb3-bb8d-827f0743ec5c	dff612aa-f30c-4a1e-9110-01128161bbb4	DELETE	participants	34e2cc92-50f8-45ed-a38d-03791e6ec1ba	{"id": "34e2cc92-50f8-45ed-a38d-03791e6ec1ba", "name": "Ihor", "notes": null, "phone": null, "event_id": "dff612aa-f30c-4a1e-9110-01128161bbb4", "created_at": "2025-07-25T10:05:15.495243+02:00", "updated_at": "2025-07-25T10:05:15.495243+02:00", "staying_full_time": true}	\N	2025-08-01 14:23:17.45275+02
106d309b-cf77-40f1-acd3-0cfafea6b2e6	dff612aa-f30c-4a1e-9110-01128161bbb4	DELETE	transport_assignments	fb0edfe9-272b-49e1-99fd-a84bb8cd6f17	{"id": "fb0edfe9-272b-49e1-99fd-a84bb8cd6f17", "created_at": "2025-08-01T12:09:36.963453+02:00", "transport_id": "9e90bc5e-d774-4595-8dc1-03b2e1532a9c", "participant_id": "34e2cc92-50f8-45ed-a38d-03791e6ec1ba"}	\N	2025-08-01 14:23:17.45275+02
1b3d317b-ff5a-4181-912d-e43319bc163b	dff612aa-f30c-4a1e-9110-01128161bbb4	DELETE	transport_assignments	cd231264-e00f-4f71-855a-4550c042da5a	{"id": "cd231264-e00f-4f71-855a-4550c042da5a", "created_at": "2025-08-01T10:41:21.631031+02:00", "transport_id": "a398955b-a419-4ed1-9211-73820a8afce5", "participant_id": "34e2cc92-50f8-45ed-a38d-03791e6ec1ba"}	\N	2025-08-01 14:23:17.45275+02
a3375c66-5dc0-4a6c-9792-b317091edfc2	dff612aa-f30c-4a1e-9110-01128161bbb4	UPDATE	inventory_items	8a09818c-4dd1-4e91-ae0d-2714576d6a66	{"id": "8a09818c-4dd1-4e91-ae0d-2714576d6a66", "name": "test s poznámkou", "notes": "Přesunuto z WANTED", "event_id": "dff612aa-f30c-4a1e-9110-01128161bbb4", "quantity": 1, "created_at": "2025-08-01T12:32:14.823749+02:00", "updated_at": "2025-08-01T12:32:14.823749+02:00", "assigned_to": "34e2cc92-50f8-45ed-a38d-03791e6ec1ba", "description": null}	{"id": "8a09818c-4dd1-4e91-ae0d-2714576d6a66", "name": "test s poznámkou", "notes": "Přesunuto z WANTED", "event_id": "dff612aa-f30c-4a1e-9110-01128161bbb4", "quantity": 1, "created_at": "2025-08-01T12:32:14.823749+02:00", "updated_at": "2025-08-01T14:23:17.45275+02:00", "assigned_to": null, "description": null}	2025-08-01 14:23:17.45275+02
90bfed25-354b-4c50-9962-530f44cb668c	dff612aa-f30c-4a1e-9110-01128161bbb4	DELETE	participants	7b8209c2-4b44-4e70-adad-4543abe0d422	{"id": "7b8209c2-4b44-4e70-adad-4543abe0d422", "name": "Saška", "notes": null, "phone": null, "event_id": "dff612aa-f30c-4a1e-9110-01128161bbb4", "created_at": "2025-07-25T10:05:21.875939+02:00", "updated_at": "2025-07-25T10:05:21.875939+02:00", "staying_full_time": true}	\N	2025-08-01 14:23:20.703987+02
9946f700-e4f6-41ae-ba84-504555c6fd53	dff612aa-f30c-4a1e-9110-01128161bbb4	DELETE	transport_assignments	15806567-86aa-4c4f-a78d-f6cbfd38abef	{"id": "15806567-86aa-4c4f-a78d-f6cbfd38abef", "created_at": "2025-07-25T11:51:23.852806+02:00", "transport_id": "a9800d31-fa45-404a-9f66-72cc2cb06049", "participant_id": "7b8209c2-4b44-4e70-adad-4543abe0d422"}	\N	2025-08-01 14:23:20.703987+02
92671202-7828-4846-a02e-f16d786da304	dff612aa-f30c-4a1e-9110-01128161bbb4	DELETE	participants	f714a98c-f101-43ff-8d03-225b9610c224	{"id": "f714a98c-f101-43ff-8d03-225b9610c224", "name": "testuju mapuju", "notes": "465465465", "phone": null, "event_id": "dff612aa-f30c-4a1e-9110-01128161bbb4", "created_at": "2025-08-01T12:32:39.466498+02:00", "updated_at": "2025-08-01T12:32:39.466498+02:00", "staying_full_time": false}	\N	2025-08-01 14:23:25.651529+02
203cda84-220c-4d0e-ba29-d5d0f6a7a328	dff612aa-f30c-4a1e-9110-01128161bbb4	UPDATE	inventory_items	e98de7c8-6afd-4927-b495-2481c3d04243	{"id": "e98de7c8-6afd-4927-b495-2481c3d04243", "name": "kytara", "notes": "Přesunuto z WANTED", "event_id": "dff612aa-f30c-4a1e-9110-01128161bbb4", "quantity": 1, "created_at": "2025-08-01T12:33:43.471463+02:00", "updated_at": "2025-08-01T12:33:43.471463+02:00", "assigned_to": "f714a98c-f101-43ff-8d03-225b9610c224", "description": null}	{"id": "e98de7c8-6afd-4927-b495-2481c3d04243", "name": "kytara", "notes": "Přesunuto z WANTED", "event_id": "dff612aa-f30c-4a1e-9110-01128161bbb4", "quantity": 1, "created_at": "2025-08-01T12:33:43.471463+02:00", "updated_at": "2025-08-01T14:23:25.651529+02:00", "assigned_to": null, "description": null}	2025-08-01 14:23:25.651529+02
b928cc72-2b31-4857-90d4-d4870db3685c	dff612aa-f30c-4a1e-9110-01128161bbb4	DELETE	inventory_items	5b152582-6c30-4183-9e5c-1a1c4de3c5cc	{"id": "5b152582-6c30-4183-9e5c-1a1c4de3c5cc", "name": "deskovky", "notes": "activity, catan, uno", "event_id": "dff612aa-f30c-4a1e-9110-01128161bbb4", "quantity": 1, "created_at": "2025-07-25T10:11:58.9529+02:00", "updated_at": "2025-08-01T14:23:03.265551+02:00", "assigned_to": null, "description": "activity, bang, uno"}	\N	2025-08-01 14:23:35.701716+02
41a7cdea-2b7e-4beb-8bbe-a25d7e77d30d	dff612aa-f30c-4a1e-9110-01128161bbb4	DELETE	inventory_items	8a3f8d9b-4392-4793-b8db-dea3c40fa194	{"id": "8a3f8d9b-4392-4793-b8db-dea3c40fa194", "name": "Postava jak mikrofon", "notes": "Přesunuto z WANTED", "event_id": "dff612aa-f30c-4a1e-9110-01128161bbb4", "quantity": 1, "created_at": "2025-08-01T12:26:22.946881+02:00", "updated_at": "2025-08-01T14:23:03.265551+02:00", "assigned_to": null, "description": null}	\N	2025-08-01 14:23:39.042899+02
31aa7a44-2f8d-4558-9f9e-725463a09822	dff612aa-f30c-4a1e-9110-01128161bbb4	DELETE	transport	a9800d31-fa45-404a-9f66-72cc2cb06049	{"id": "a9800d31-fa45-404a-9f66-72cc2cb06049", "type": "Auto Večerci", "notes": null, "price": 900.00, "capacity": 4, "event_id": "dff612aa-f30c-4a1e-9110-01128161bbb4", "created_at": "2025-07-25T11:50:51.821458+02:00", "updated_at": "2025-07-25T11:50:51.821458+02:00", "departure_time": "13:10", "arrival_location": "Chata", "departure_location": "Kroměříž", "intermediate_stops": []}	\N	2025-08-01 14:23:55.825645+02
a5ae3932-191c-45ea-8b22-8d1b0140e893	dff612aa-f30c-4a1e-9110-01128161bbb4	INSERT	participants	035e4e8d-4028-4842-9203-e672c2d27e28	\N	{"id": "035e4e8d-4028-4842-9203-e672c2d27e28", "name": "Dava Drek", "notes": null, "phone": null, "event_id": "dff612aa-f30c-4a1e-9110-01128161bbb4", "created_at": "2025-08-01T14:24:04.375669+02:00", "updated_at": "2025-08-01T14:24:04.375669+02:00", "staying_full_time": true}	2025-08-01 14:24:04.375669+02
ea2aa7e1-54f4-4692-9148-0dd6f46037f3	dff612aa-f30c-4a1e-9110-01128161bbb4	INSERT	participants	c8b252e3-7713-4da5-a828-5c7911e87f25	\N	{"id": "c8b252e3-7713-4da5-a828-5c7911e87f25", "name": "Lída", "notes": null, "phone": null, "event_id": "dff612aa-f30c-4a1e-9110-01128161bbb4", "created_at": "2025-08-01T14:24:09.379024+02:00", "updated_at": "2025-08-01T14:24:09.379024+02:00", "staying_full_time": true}	2025-08-01 14:24:09.379024+02
f4044171-7baf-4e20-a1a1-68501fdbfd3e	dff612aa-f30c-4a1e-9110-01128161bbb4	INSERT	participants	c4f7a252-929c-4de3-9e67-592d9769b98b	\N	{"id": "c4f7a252-929c-4de3-9e67-592d9769b98b", "name": "Schorňa", "notes": null, "phone": null, "event_id": "dff612aa-f30c-4a1e-9110-01128161bbb4", "created_at": "2025-08-01T14:24:15.704743+02:00", "updated_at": "2025-08-01T14:24:15.704743+02:00", "staying_full_time": true}	2025-08-01 14:24:15.704743+02
56bba2c8-ce4c-4ff8-a935-20d513e27a18	dff612aa-f30c-4a1e-9110-01128161bbb4	INSERT	participants	eec1125b-ce89-4045-b5d4-717fca88e6cb	\N	{"id": "eec1125b-ce89-4045-b5d4-717fca88e6cb", "name": "Verča", "notes": null, "phone": null, "event_id": "dff612aa-f30c-4a1e-9110-01128161bbb4", "created_at": "2025-08-01T14:24:23.005459+02:00", "updated_at": "2025-08-01T14:24:23.005459+02:00", "staying_full_time": true}	2025-08-01 14:24:23.005459+02
d8a2e870-33ed-4dbd-b3a7-067d8faffb62	dff612aa-f30c-4a1e-9110-01128161bbb4	INSERT	participants	7efc2913-b9f5-47e1-8a4b-37bcfe14c142	\N	{"id": "7efc2913-b9f5-47e1-8a4b-37bcfe14c142", "name": "Veči", "notes": null, "phone": null, "event_id": "dff612aa-f30c-4a1e-9110-01128161bbb4", "created_at": "2025-08-01T14:24:27.684775+02:00", "updated_at": "2025-08-01T14:24:27.684775+02:00", "staying_full_time": true}	2025-08-01 14:24:27.684775+02
7302b1f4-eb6c-47e3-b2ed-0964284a0f4f	dff612aa-f30c-4a1e-9110-01128161bbb4	INSERT	participants	75d80fd9-6d28-4b9b-9d6d-bf651110b3eb	\N	{"id": "75d80fd9-6d28-4b9b-9d6d-bf651110b3eb", "name": "Šimis", "notes": null, "phone": null, "event_id": "dff612aa-f30c-4a1e-9110-01128161bbb4", "created_at": "2025-08-01T14:25:07.87415+02:00", "updated_at": "2025-08-01T14:25:07.87415+02:00", "staying_full_time": true}	2025-08-01 14:25:07.87415+02
afaa057e-12e1-42c4-9394-3addf733bd26	dff612aa-f30c-4a1e-9110-01128161bbb4	INSERT	participants	43f22c58-5b26-4f9f-a790-ece10a2e7684	\N	{"id": "43f22c58-5b26-4f9f-a790-ece10a2e7684", "name": "Staňa", "notes": null, "phone": null, "event_id": "dff612aa-f30c-4a1e-9110-01128161bbb4", "created_at": "2025-08-01T14:25:17.858106+02:00", "updated_at": "2025-08-01T14:25:17.858106+02:00", "staying_full_time": true}	2025-08-01 14:25:17.858106+02
ef778261-669c-44e8-90d2-877412244a26	dff612aa-f30c-4a1e-9110-01128161bbb4	INSERT	participants	57ffc7d7-0ba6-45e9-aa30-efd881b825cf	\N	{"id": "57ffc7d7-0ba6-45e9-aa30-efd881b825cf", "name": "Saška", "notes": null, "phone": null, "event_id": "dff612aa-f30c-4a1e-9110-01128161bbb4", "created_at": "2025-08-01T14:24:32.924854+02:00", "updated_at": "2025-08-01T14:24:32.924854+02:00", "staying_full_time": true}	2025-08-01 14:24:32.924854+02
1e4f4581-44e0-40be-b211-d7837d974dff	dff612aa-f30c-4a1e-9110-01128161bbb4	INSERT	participants	4e165ab0-322e-4958-a932-5818db883301	\N	{"id": "4e165ab0-322e-4958-a932-5818db883301", "name": "Aďá", "notes": null, "phone": null, "event_id": "dff612aa-f30c-4a1e-9110-01128161bbb4", "created_at": "2025-08-01T14:24:46.131625+02:00", "updated_at": "2025-08-01T14:24:46.131625+02:00", "staying_full_time": true}	2025-08-01 14:24:46.131625+02
8c8451e5-3a89-40d5-a2e7-360be133cdb9	dff612aa-f30c-4a1e-9110-01128161bbb4	INSERT	participants	be6cad56-e358-4481-ab9c-8b260907c94c	\N	{"id": "be6cad56-e358-4481-ab9c-8b260907c94c", "name": "Radim", "notes": null, "phone": null, "event_id": "dff612aa-f30c-4a1e-9110-01128161bbb4", "created_at": "2025-08-01T14:24:50.497184+02:00", "updated_at": "2025-08-01T14:24:50.497184+02:00", "staying_full_time": true}	2025-08-01 14:24:50.497184+02
4f49e499-c488-4bfa-9278-bec3f643aca8	dff612aa-f30c-4a1e-9110-01128161bbb4	INSERT	participants	caea1269-9905-44b4-8801-fe5373c41e26	\N	{"id": "caea1269-9905-44b4-8801-fe5373c41e26", "name": "Ihor", "notes": null, "phone": null, "event_id": "dff612aa-f30c-4a1e-9110-01128161bbb4", "created_at": "2025-08-01T14:25:12.256622+02:00", "updated_at": "2025-08-01T14:25:12.256622+02:00", "staying_full_time": true}	2025-08-01 14:25:12.256622+02
178b96f1-a28b-49b1-873e-61e127da9ab4	dff612aa-f30c-4a1e-9110-01128161bbb4	INSERT	participants	77f5b547-68f2-4026-9e5c-74fa0a207c71	\N	{"id": "77f5b547-68f2-4026-9e5c-74fa0a207c71", "name": "Simona", "notes": null, "phone": null, "event_id": "dff612aa-f30c-4a1e-9110-01128161bbb4", "created_at": "2025-08-01T14:25:22.405227+02:00", "updated_at": "2025-08-01T14:25:22.405227+02:00", "staying_full_time": true}	2025-08-01 14:25:22.405227+02
f3873131-3175-4305-96d0-5d5f745edb07	dff612aa-f30c-4a1e-9110-01128161bbb4	INSERT	transport_assignments	7b888204-aea3-4e37-a53a-a3ef06cd6cfc	\N	{"id": "7b888204-aea3-4e37-a53a-a3ef06cd6cfc", "created_at": "2025-08-01T14:33:25.431157+02:00", "transport_id": "9e90bc5e-d774-4595-8dc1-03b2e1532a9c", "participant_id": "c4f7a252-929c-4de3-9e67-592d9769b98b"}	2025-08-01 14:33:25.431157+02
ba2181e5-7777-4cab-ad6f-f6f85c1caafc	dff612aa-f30c-4a1e-9110-01128161bbb4	DELETE	transport_assignments	7b888204-aea3-4e37-a53a-a3ef06cd6cfc	{"id": "7b888204-aea3-4e37-a53a-a3ef06cd6cfc", "created_at": "2025-08-01T14:33:25.431157+02:00", "transport_id": "9e90bc5e-d774-4595-8dc1-03b2e1532a9c", "participant_id": "c4f7a252-929c-4de3-9e67-592d9769b98b"}	\N	2025-08-01 14:33:26.24196+02
6f40eba3-aabf-4905-9ba5-b699b91b8194	dff612aa-f30c-4a1e-9110-01128161bbb4	INSERT	transport_assignments	71e7a982-1779-4eec-868a-8a4c30f1d1c8	\N	{"id": "71e7a982-1779-4eec-868a-8a4c30f1d1c8", "created_at": "2025-08-01T14:34:53.152412+02:00", "transport_id": "a398955b-a419-4ed1-9211-73820a8afce5", "participant_id": "c8b252e3-7713-4da5-a828-5c7911e87f25"}	2025-08-01 14:34:53.152412+02
092c5e57-9717-44ee-95a5-fde9f4d64c97	dff612aa-f30c-4a1e-9110-01128161bbb4	DELETE	transport_assignments	71e7a982-1779-4eec-868a-8a4c30f1d1c8	{"id": "71e7a982-1779-4eec-868a-8a4c30f1d1c8", "created_at": "2025-08-01T14:34:53.152412+02:00", "transport_id": "a398955b-a419-4ed1-9211-73820a8afce5", "participant_id": "c8b252e3-7713-4da5-a828-5c7911e87f25"}	\N	2025-08-01 14:34:53.807759+02
3898841f-e8cf-47f0-b5cc-d39aba797600	dff612aa-f30c-4a1e-9110-01128161bbb4	INSERT	transport_assignments	77aee3d4-96f2-497e-8e4f-479e63a4bf8c	\N	{"id": "77aee3d4-96f2-497e-8e4f-479e63a4bf8c", "created_at": "2025-08-01T14:52:18.336678+02:00", "transport_id": "9e90bc5e-d774-4595-8dc1-03b2e1532a9c", "participant_id": "c4f7a252-929c-4de3-9e67-592d9769b98b"}	2025-08-01 14:52:18.336678+02
42e1c8ac-8166-4af1-8e75-84204bc9903c	dff612aa-f30c-4a1e-9110-01128161bbb4	INSERT	transport_assignments	525f63b2-befd-47d2-8f26-d02154554af4	\N	{"id": "525f63b2-befd-47d2-8f26-d02154554af4", "created_at": "2025-08-01T14:52:18.561519+02:00", "transport_id": "9e90bc5e-d774-4595-8dc1-03b2e1532a9c", "participant_id": "c8b252e3-7713-4da5-a828-5c7911e87f25"}	2025-08-01 14:52:18.561519+02
ae3f7bf2-c482-4dca-8f67-e0ee9d6d5744	dff612aa-f30c-4a1e-9110-01128161bbb4	INSERT	transport_assignments	a25b84ae-3baf-4408-a2ed-f33191f36a60	\N	{"id": "a25b84ae-3baf-4408-a2ed-f33191f36a60", "created_at": "2025-08-01T14:52:19.420722+02:00", "transport_id": "9e90bc5e-d774-4595-8dc1-03b2e1532a9c", "participant_id": "75d80fd9-6d28-4b9b-9d6d-bf651110b3eb"}	2025-08-01 14:52:19.420722+02
11bc3188-8d53-49cb-9320-ebe3249aaa53	dff612aa-f30c-4a1e-9110-01128161bbb4	INSERT	transport_assignments	7812509d-e05f-45b8-9413-d241377b27a8	\N	{"id": "7812509d-e05f-45b8-9413-d241377b27a8", "created_at": "2025-08-01T14:52:19.92886+02:00", "transport_id": "9e90bc5e-d774-4595-8dc1-03b2e1532a9c", "participant_id": "caea1269-9905-44b4-8801-fe5373c41e26"}	2025-08-01 14:52:19.92886+02
80f2a81a-6e50-403d-a0aa-d9f1d9d8dc64	dff612aa-f30c-4a1e-9110-01128161bbb4	DELETE	transport_assignments	77aee3d4-96f2-497e-8e4f-479e63a4bf8c	{"id": "77aee3d4-96f2-497e-8e4f-479e63a4bf8c", "created_at": "2025-08-01T14:52:18.336678+02:00", "transport_id": "9e90bc5e-d774-4595-8dc1-03b2e1532a9c", "participant_id": "c4f7a252-929c-4de3-9e67-592d9769b98b"}	\N	2025-08-01 14:52:22.051745+02
ff53b56b-9251-4d1b-9781-b94bed9b4499	dff612aa-f30c-4a1e-9110-01128161bbb4	DELETE	transport_assignments	7812509d-e05f-45b8-9413-d241377b27a8	{"id": "7812509d-e05f-45b8-9413-d241377b27a8", "created_at": "2025-08-01T14:52:19.92886+02:00", "transport_id": "9e90bc5e-d774-4595-8dc1-03b2e1532a9c", "participant_id": "caea1269-9905-44b4-8801-fe5373c41e26"}	\N	2025-08-01 14:52:22.873644+02
2b31c6e6-ad0b-4f17-a2d3-3483b54fce00	dff612aa-f30c-4a1e-9110-01128161bbb4	DELETE	transport_assignments	a25b84ae-3baf-4408-a2ed-f33191f36a60	{"id": "a25b84ae-3baf-4408-a2ed-f33191f36a60", "created_at": "2025-08-01T14:52:19.420722+02:00", "transport_id": "9e90bc5e-d774-4595-8dc1-03b2e1532a9c", "participant_id": "75d80fd9-6d28-4b9b-9d6d-bf651110b3eb"}	\N	2025-08-01 14:52:23.283077+02
be2f4af4-2ee0-427a-829b-c189d461d640	dff612aa-f30c-4a1e-9110-01128161bbb4	DELETE	transport_assignments	525f63b2-befd-47d2-8f26-d02154554af4	{"id": "525f63b2-befd-47d2-8f26-d02154554af4", "created_at": "2025-08-01T14:52:18.561519+02:00", "transport_id": "9e90bc5e-d774-4595-8dc1-03b2e1532a9c", "participant_id": "c8b252e3-7713-4da5-a828-5c7911e87f25"}	\N	2025-08-01 14:52:23.706818+02
5b28be11-ad3d-4b5a-8741-0c90b2949768	dff612aa-f30c-4a1e-9110-01128161bbb4	UPDATE	inventory_items	82fc2f47-fe34-4cc1-a0ea-d49949a0f972	{"id": "82fc2f47-fe34-4cc1-a0ea-d49949a0f972", "name": "mikrofon", "notes": "Přesunuto z WANTED", "event_id": "dff612aa-f30c-4a1e-9110-01128161bbb4", "quantity": 1, "created_at": "2025-08-01T12:33:57.450857+02:00", "updated_at": "2025-08-01T14:23:00.283353+02:00", "assigned_to": null, "description": null}	{"id": "82fc2f47-fe34-4cc1-a0ea-d49949a0f972", "name": "mikrofon", "notes": "Přesunuto z WANTED - postava jak mikrofon", "event_id": "dff612aa-f30c-4a1e-9110-01128161bbb4", "quantity": 1, "created_at": "2025-08-01T12:33:57.450857+02:00", "updated_at": "2025-08-01T14:56:05.639904+02:00", "assigned_to": "be6cad56-e358-4481-ab9c-8b260907c94c", "description": null}	2025-08-01 14:56:05.639904+02
69e7177c-4cd2-41b6-874d-bf7fa48573f2	dff612aa-f30c-4a1e-9110-01128161bbb4	UPDATE	inventory_items	6bde3f06-c57e-4fa3-b971-f522793809a4	{"id": "6bde3f06-c57e-4fa3-b971-f522793809a4", "name": "pivko", "notes": null, "event_id": "dff612aa-f30c-4a1e-9110-01128161bbb4", "quantity": 5, "created_at": "2025-07-25T10:12:22.967579+02:00", "updated_at": "2025-08-01T14:23:04.51022+02:00", "assigned_to": null, "description": "50L radegast 10"}	{"id": "6bde3f06-c57e-4fa3-b971-f522793809a4", "name": "pivko", "notes": null, "event_id": "dff612aa-f30c-4a1e-9110-01128161bbb4", "quantity": 5, "created_at": "2025-07-25T10:12:22.967579+02:00", "updated_at": "2025-08-01T14:56:17.931237+02:00", "assigned_to": "4e165ab0-322e-4958-a932-5818db883301", "description": "50L radegast 10"}	2025-08-01 14:56:17.931237+02
4cbbc416-2b8f-4353-a860-6a2a2273a85e	ba3b46bf-0e6e-45ae-a8c1-d2a1289af355	INSERT	participants	6041ff2e-2f0d-430c-b7ee-aa4f4477ca42	\N	{"id": "6041ff2e-2f0d-430c-b7ee-aa4f4477ca42", "name": "Aleš", "notes": null, "phone": null, "event_id": "ba3b46bf-0e6e-45ae-a8c1-d2a1289af355", "created_at": "2025-08-01T15:14:04.123286+02:00", "updated_at": "2025-08-01T15:14:04.123286+02:00", "staying_full_time": true}	2025-08-01 15:14:04.123286+02
c6fd2563-f985-4051-a8b9-b7a72401a5d2	ba3b46bf-0e6e-45ae-a8c1-d2a1289af355	INSERT	participants	b5ed8fb6-ba1d-4ac8-a509-c1ee2d80858f	\N	{"id": "b5ed8fb6-ba1d-4ac8-a509-c1ee2d80858f", "name": "Karel", "notes": "27. a 28. budu pracovat ", "phone": null, "event_id": "ba3b46bf-0e6e-45ae-a8c1-d2a1289af355", "created_at": "2025-08-01T15:14:30.536981+02:00", "updated_at": "2025-08-01T15:14:30.536981+02:00", "staying_full_time": true}	2025-08-01 15:14:30.536981+02
0c93479f-8b9b-4c82-b1d4-efc2181bdeb7	ba3b46bf-0e6e-45ae-a8c1-d2a1289af355	INSERT	participants	eadd248b-4165-4a0c-b2ee-d0a5a507f0f7	\N	{"id": "eadd248b-4165-4a0c-b2ee-d0a5a507f0f7", "name": "Lenka", "notes": "přijedu 26.", "phone": null, "event_id": "ba3b46bf-0e6e-45ae-a8c1-d2a1289af355", "created_at": "2025-08-01T15:14:44.760811+02:00", "updated_at": "2025-08-01T15:14:44.760811+02:00", "staying_full_time": false}	2025-08-01 15:14:44.760811+02
674f1058-a047-49f0-bc31-ee79f0b1d7e1	ba3b46bf-0e6e-45ae-a8c1-d2a1289af355	INSERT	participants	57a7b917-df1b-4f25-ae18-6d62ef08640d	\N	{"id": "57a7b917-df1b-4f25-ae18-6d62ef08640d", "name": "Martina", "notes": null, "phone": null, "event_id": "ba3b46bf-0e6e-45ae-a8c1-d2a1289af355", "created_at": "2025-08-01T15:14:51.305277+02:00", "updated_at": "2025-08-01T15:14:51.305277+02:00", "staying_full_time": true}	2025-08-01 15:14:51.305277+02
f71b9f83-500e-4205-9e05-737a06c6381f	ba3b46bf-0e6e-45ae-a8c1-d2a1289af355	INSERT	participants	cb2a9171-9aed-42c5-94ef-bd0db0b5258d	\N	{"id": "cb2a9171-9aed-42c5-94ef-bd0db0b5258d", "name": "Matěj", "notes": null, "phone": null, "event_id": "ba3b46bf-0e6e-45ae-a8c1-d2a1289af355", "created_at": "2025-08-01T15:15:02.293482+02:00", "updated_at": "2025-08-01T15:15:02.293482+02:00", "staying_full_time": true}	2025-08-01 15:15:02.293482+02
56eb9686-1a69-4cc6-807c-87ab206973ff	ba3b46bf-0e6e-45ae-a8c1-d2a1289af355	INSERT	transport	099d749b-c3a7-4067-a498-be77bbb02385	\N	{"id": "099d749b-c3a7-4067-a498-be77bbb02385", "type": "Auto Lojza", "notes": "Beru psa, proto tři místa", "price": 800.00, "capacity": 3, "event_id": "ba3b46bf-0e6e-45ae-a8c1-d2a1289af355", "created_at": "2025-08-01T15:16:27.450881+02:00", "updated_at": "2025-08-01T15:16:27.450881+02:00", "departure_time": "09:20", "arrival_location": "Chata Harrachov", "departure_location": "Brno", "intermediate_stops": [{"time": "11:25", "notes": "Westfield Chodov", "location": "Praha"}]}	2025-08-01 15:16:27.450881+02
4b17fa51-ca5c-4288-afa5-f32ad45615e1	ba3b46bf-0e6e-45ae-a8c1-d2a1289af355	INSERT	inventory_items	0e1d602e-ba42-428f-a797-e12607965a23	\N	{"id": "0e1d602e-ba42-428f-a797-e12607965a23", "name": "nafukovací matrace", "notes": "matrace 180cm x 90cm", "event_id": "ba3b46bf-0e6e-45ae-a8c1-d2a1289af355", "quantity": 2, "created_at": "2025-08-01T15:19:14.449689+02:00", "updated_at": "2025-08-01T15:19:14.449689+02:00", "assigned_to": "b5ed8fb6-ba1d-4ac8-a509-c1ee2d80858f", "description": null}	2025-08-01 15:19:14.449689+02
fc5c3a51-738a-4c12-9f5a-dab8922823dc	ba3b46bf-0e6e-45ae-a8c1-d2a1289af355	INSERT	participants	bed7b897-6032-4469-a314-929aefc4a819	\N	{"id": "bed7b897-6032-4469-a314-929aefc4a819", "name": "Lojza", "notes": null, "phone": null, "event_id": "ba3b46bf-0e6e-45ae-a8c1-d2a1289af355", "created_at": "2025-08-01T15:14:57.484964+02:00", "updated_at": "2025-08-01T15:14:57.484964+02:00", "staying_full_time": true}	2025-08-01 15:14:57.484964+02
29abb892-92c1-4816-abf3-184f636c7d52	ba3b46bf-0e6e-45ae-a8c1-d2a1289af355	INSERT	participants	3bb8cb2c-59ce-49dc-bc77-21afefde6026	\N	{"id": "3bb8cb2c-59ce-49dc-bc77-21afefde6026", "name": "Denisa", "notes": null, "phone": null, "event_id": "ba3b46bf-0e6e-45ae-a8c1-d2a1289af355", "created_at": "2025-08-01T15:15:06.866691+02:00", "updated_at": "2025-08-01T15:15:06.866691+02:00", "staying_full_time": true}	2025-08-01 15:15:06.866691+02
4b8bb3f2-4261-44d2-91f1-caec1065a09c	ba3b46bf-0e6e-45ae-a8c1-d2a1289af355	INSERT	transport	1708080d-da93-46fc-b170-97b890378332	\N	{"id": "1708080d-da93-46fc-b170-97b890378332", "type": "Minibus Denisa", "notes": "Spousta místa", "price": 1500.00, "capacity": 6, "event_id": "ba3b46bf-0e6e-45ae-a8c1-d2a1289af355", "created_at": "2025-08-01T15:17:16.245421+02:00", "updated_at": "2025-08-01T15:17:16.245421+02:00", "departure_time": "08:00", "arrival_location": "Chata Harrachov", "departure_location": "Kroměříž", "intermediate_stops": []}	2025-08-01 15:17:16.245421+02
82649971-f748-4304-97f6-4ba1d9f676dc	ba3b46bf-0e6e-45ae-a8c1-d2a1289af355	INSERT	transport_assignments	9efec148-145f-49c0-9338-f5d22f06a902	\N	{"id": "9efec148-145f-49c0-9338-f5d22f06a902", "created_at": "2025-08-01T15:18:02.884783+02:00", "transport_id": "1708080d-da93-46fc-b170-97b890378332", "participant_id": "3bb8cb2c-59ce-49dc-bc77-21afefde6026"}	2025-08-01 15:18:02.884783+02
cdf4ca83-2778-4b73-a51f-d01c64811755	ba3b46bf-0e6e-45ae-a8c1-d2a1289af355	INSERT	transport_assignments	d23f1df4-eccc-4607-bb49-4cc8b2dd07e0	\N	{"id": "d23f1df4-eccc-4607-bb49-4cc8b2dd07e0", "created_at": "2025-08-01T15:18:02.905655+02:00", "transport_id": "1708080d-da93-46fc-b170-97b890378332", "participant_id": "cb2a9171-9aed-42c5-94ef-bd0db0b5258d"}	2025-08-01 15:18:02.905655+02
927bedce-7e58-4f11-9e42-726f089e7435	ba3b46bf-0e6e-45ae-a8c1-d2a1289af355	INSERT	transport_assignments	ceb2d811-6e7a-4d59-b0e5-43984f95da3a	\N	{"id": "ceb2d811-6e7a-4d59-b0e5-43984f95da3a", "created_at": "2025-08-01T15:18:03.668635+02:00", "transport_id": "1708080d-da93-46fc-b170-97b890378332", "participant_id": "bed7b897-6032-4469-a314-929aefc4a819"}	2025-08-01 15:18:03.668635+02
0e8151a8-c27c-440c-8209-05dfdfcc4034	ba3b46bf-0e6e-45ae-a8c1-d2a1289af355	INSERT	transport_assignments	f8e80f9d-55b8-4048-a652-e76a84d6abe7	\N	{"id": "f8e80f9d-55b8-4048-a652-e76a84d6abe7", "created_at": "2025-08-01T15:18:04.214835+02:00", "transport_id": "1708080d-da93-46fc-b170-97b890378332", "participant_id": "57a7b917-df1b-4f25-ae18-6d62ef08640d"}	2025-08-01 15:18:04.214835+02
34cc5dfd-f733-43f9-9d34-c3956005bb93	ba3b46bf-0e6e-45ae-a8c1-d2a1289af355	INSERT	transport_assignments	47f97f8e-301e-4900-9a8f-3bd8ffc18356	\N	{"id": "47f97f8e-301e-4900-9a8f-3bd8ffc18356", "created_at": "2025-08-01T15:18:04.864308+02:00", "transport_id": "1708080d-da93-46fc-b170-97b890378332", "participant_id": "eadd248b-4165-4a0c-b2ee-d0a5a507f0f7"}	2025-08-01 15:18:04.864308+02
5432967e-311b-4605-ac2f-aca8c4214b48	ba3b46bf-0e6e-45ae-a8c1-d2a1289af355	INSERT	transport_assignments	f4df9763-f0b1-470f-8301-b486ea3fd88a	\N	{"id": "f4df9763-f0b1-470f-8301-b486ea3fd88a", "created_at": "2025-08-01T15:18:05.711982+02:00", "transport_id": "1708080d-da93-46fc-b170-97b890378332", "participant_id": "b5ed8fb6-ba1d-4ac8-a509-c1ee2d80858f"}	2025-08-01 15:18:05.711982+02
79a1cf2f-d972-4a0e-857e-4352cc39c6b4	ba3b46bf-0e6e-45ae-a8c1-d2a1289af355	DELETE	transport_assignments	f8e80f9d-55b8-4048-a652-e76a84d6abe7	{"id": "f8e80f9d-55b8-4048-a652-e76a84d6abe7", "created_at": "2025-08-01T15:18:04.214835+02:00", "transport_id": "1708080d-da93-46fc-b170-97b890378332", "participant_id": "57a7b917-df1b-4f25-ae18-6d62ef08640d"}	\N	2025-08-01 15:18:12.626243+02
b063c6a5-5617-4022-8f4e-d5dd1c16cfef	ba3b46bf-0e6e-45ae-a8c1-d2a1289af355	DELETE	transport_assignments	47f97f8e-301e-4900-9a8f-3bd8ffc18356	{"id": "47f97f8e-301e-4900-9a8f-3bd8ffc18356", "created_at": "2025-08-01T15:18:04.864308+02:00", "transport_id": "1708080d-da93-46fc-b170-97b890378332", "participant_id": "eadd248b-4165-4a0c-b2ee-d0a5a507f0f7"}	\N	2025-08-01 15:18:13.09898+02
021ccff6-6d63-441e-9d66-36c26f48d1d3	ba3b46bf-0e6e-45ae-a8c1-d2a1289af355	DELETE	transport_assignments	f4df9763-f0b1-470f-8301-b486ea3fd88a	{"id": "f4df9763-f0b1-470f-8301-b486ea3fd88a", "created_at": "2025-08-01T15:18:05.711982+02:00", "transport_id": "1708080d-da93-46fc-b170-97b890378332", "participant_id": "b5ed8fb6-ba1d-4ac8-a509-c1ee2d80858f"}	\N	2025-08-01 15:18:13.914113+02
ae50f888-5f84-46d9-bfe6-44aac407b032	ba3b46bf-0e6e-45ae-a8c1-d2a1289af355	INSERT	transport_assignments	7988b36a-4708-49ed-97ff-458dfeee821c	\N	{"id": "7988b36a-4708-49ed-97ff-458dfeee821c", "created_at": "2025-08-01T15:18:15.673847+02:00", "transport_id": "099d749b-c3a7-4067-a498-be77bbb02385", "participant_id": "eadd248b-4165-4a0c-b2ee-d0a5a507f0f7"}	2025-08-01 15:18:15.673847+02
5d561ab0-1810-4cc3-b7a7-4460f67fc32c	ba3b46bf-0e6e-45ae-a8c1-d2a1289af355	INSERT	transport_assignments	cd79c36a-f202-4018-937b-1d16202c8baf	\N	{"id": "cd79c36a-f202-4018-937b-1d16202c8baf", "created_at": "2025-08-01T15:18:16.422779+02:00", "transport_id": "099d749b-c3a7-4067-a498-be77bbb02385", "participant_id": "57a7b917-df1b-4f25-ae18-6d62ef08640d"}	2025-08-01 15:18:16.422779+02
04ca1be8-5768-49f5-9f3f-3d34cdf3e71b	ba3b46bf-0e6e-45ae-a8c1-d2a1289af355	INSERT	transport_assignments	4e7789ee-0111-4f82-8581-ae819b2e3de8	\N	{"id": "4e7789ee-0111-4f82-8581-ae819b2e3de8", "created_at": "2025-08-01T15:18:17.703621+02:00", "transport_id": "099d749b-c3a7-4067-a498-be77bbb02385", "participant_id": "b5ed8fb6-ba1d-4ac8-a509-c1ee2d80858f"}	2025-08-01 15:18:17.703621+02
40b94b15-129e-419a-8ed4-a28c0ddaa253	ba3b46bf-0e6e-45ae-a8c1-d2a1289af355	INSERT	inventory_items	518f1958-0fcb-4523-aa60-0c2d2b7ecb26	\N	{"id": "518f1958-0fcb-4523-aa60-0c2d2b7ecb26", "name": "Pípa", "notes": "narážeč bajonet", "event_id": "ba3b46bf-0e6e-45ae-a8c1-d2a1289af355", "quantity": 1, "created_at": "2025-08-01T15:18:38.802184+02:00", "updated_at": "2025-08-01T15:18:38.802184+02:00", "assigned_to": "6041ff2e-2f0d-430c-b7ee-aa4f4477ca42", "description": null}	2025-08-01 15:18:38.802184+02
604b1b4d-e673-4451-ad69-c97a8296da94	dff612aa-f30c-4a1e-9110-01128161bbb4	INSERT	wanted_items	b8435ebc-c43d-446d-b9c7-550dbd4e1b1d	\N	{"id": "b8435ebc-c43d-446d-b9c7-550dbd4e1b1d", "name": "Test položka", "note": "Test poznámka", "event_id": "dff612aa-f30c-4a1e-9110-01128161bbb4", "created_at": "2025-08-01T15:32:25.082888+02:00", "updated_at": "2025-08-01T15:32:25.082888+02:00"}	2025-08-01 15:32:25.082888+02
24f1a196-da74-47f2-9e3b-8c45264ea107	ba3b46bf-0e6e-45ae-a8c1-d2a1289af355	INSERT	wanted_items	8df84bfa-da3b-44e1-b36c-305daa01a197	\N	{"id": "8df84bfa-da3b-44e1-b36c-305daa01a197", "name": "Kytara", "note": "Ať si zazpíváme", "event_id": "ba3b46bf-0e6e-45ae-a8c1-d2a1289af355", "created_at": "2025-08-01T15:32:32.447914+02:00", "updated_at": "2025-08-01T15:32:32.447914+02:00"}	2025-08-01 15:32:32.447914+02
17d28792-4843-4f16-b0be-e9ba1beb1b28	ba3b46bf-0e6e-45ae-a8c1-d2a1289af355	INSERT	inventory_items	fa7fc88f-64bb-47a3-8fbe-3ebcd465f45b	\N	{"id": "fa7fc88f-64bb-47a3-8fbe-3ebcd465f45b", "name": "Kytara", "notes": "Přesunuto z WANTED - Umím hrát - beru", "event_id": "ba3b46bf-0e6e-45ae-a8c1-d2a1289af355", "quantity": 1, "created_at": "2025-08-01T15:32:48.210576+02:00", "updated_at": "2025-08-01T15:32:48.210576+02:00", "assigned_to": "b5ed8fb6-ba1d-4ac8-a509-c1ee2d80858f", "description": null}	2025-08-01 15:32:48.210576+02
5c1684c1-2a7a-4c53-b788-fe039e0768d8	ba3b46bf-0e6e-45ae-a8c1-d2a1289af355	DELETE	wanted_items	8df84bfa-da3b-44e1-b36c-305daa01a197	{"id": "8df84bfa-da3b-44e1-b36c-305daa01a197", "name": "Kytara", "note": "Ať si zazpíváme", "event_id": "ba3b46bf-0e6e-45ae-a8c1-d2a1289af355", "created_at": "2025-08-01T15:32:32.447914+02:00", "updated_at": "2025-08-01T15:32:32.447914+02:00"}	\N	2025-08-01 15:32:48.409243+02
5718d47d-5749-44cf-bde1-2ea05d8fa1ab	ba3b46bf-0e6e-45ae-a8c1-d2a1289af355	INSERT	wanted_items	bb01539e-e67b-4278-8bb9-d49d2bceb521	\N	{"id": "bb01539e-e67b-4278-8bb9-d49d2bceb521", "name": "Projektor", "note": "Zimní kino?", "event_id": "ba3b46bf-0e6e-45ae-a8c1-d2a1289af355", "created_at": "2025-08-01T15:33:06.359121+02:00", "updated_at": "2025-08-01T15:33:06.359121+02:00"}	2025-08-01 15:33:06.359121+02
15a29e23-9f3f-42f4-b88c-6fbf81eddc6c	dff612aa-f30c-4a1e-9110-01128161bbb4	DELETE	wanted_items	b8435ebc-c43d-446d-b9c7-550dbd4e1b1d	{"id": "b8435ebc-c43d-446d-b9c7-550dbd4e1b1d", "name": "Test položka", "note": "Test poznámka", "event_id": "dff612aa-f30c-4a1e-9110-01128161bbb4", "created_at": "2025-08-01T15:32:25.082888+02:00", "updated_at": "2025-08-01T15:32:25.082888+02:00"}	\N	2025-08-01 15:33:08.725549+02
4a4316c9-45b5-44a8-b7c8-6162f4285347	ba3b46bf-0e6e-45ae-a8c1-d2a1289af355	UPDATE	wanted_items	bb01539e-e67b-4278-8bb9-d49d2bceb521	{"id": "bb01539e-e67b-4278-8bb9-d49d2bceb521", "name": "Projektor", "note": "Zimní kino?", "event_id": "ba3b46bf-0e6e-45ae-a8c1-d2a1289af355", "created_at": "2025-08-01T15:33:06.359121+02:00", "updated_at": "2025-08-01T15:33:06.359121+02:00"}	{"id": "bb01539e-e67b-4278-8bb9-d49d2bceb521", "name": "Projektor", "note": "Harry Potter maraton?", "event_id": "ba3b46bf-0e6e-45ae-a8c1-d2a1289af355", "created_at": "2025-08-01T15:33:06.359121+02:00", "updated_at": "2025-08-01T15:33:24.936807+02:00"}	2025-08-01 15:33:24.936807+02
f7441c9d-51fb-412c-8ac7-a6cfd2ab1ebc	ba3b46bf-0e6e-45ae-a8c1-d2a1289af355	INSERT	wanted_items	22fe026e-5355-408c-a346-566e2156b5c1	\N	{"id": "22fe026e-5355-408c-a346-566e2156b5c1", "name": "Deskovky", "note": "Ideálně Activity nebo Krycí jména", "event_id": "ba3b46bf-0e6e-45ae-a8c1-d2a1289af355", "created_at": "2025-08-01T15:34:04.143654+02:00", "updated_at": "2025-08-01T15:34:04.143654+02:00"}	2025-08-01 15:34:04.143654+02
73da4ac6-7225-4d77-b578-52a64f431df9	dff612aa-f30c-4a1e-9110-01128161bbb4	INSERT	wanted_items	087aee9c-424c-4441-bafd-6bc1237b49fc	\N	{"id": "087aee9c-424c-4441-bafd-6bc1237b49fc", "name": "Nafukovací matrace jako manželská postel navíc?", "note": "Pro hosty kdo by přijel na noc, nebo pro lidi navíc přes kapacitu", "event_id": "dff612aa-f30c-4a1e-9110-01128161bbb4", "created_at": "2025-08-01T16:16:33.411036+02:00", "updated_at": "2025-08-01T16:16:33.411036+02:00"}	2025-08-01 16:16:33.411036+02
88458ab5-ba92-4810-934d-9f67db5c4cfd	dff612aa-f30c-4a1e-9110-01128161bbb4	INSERT	wanted_items	38ec4adc-5fde-4a08-be7f-8644b80a7f7a	\N	{"id": "38ec4adc-5fde-4a08-be7f-8644b80a7f7a", "name": "Beerpong", "note": null, "event_id": "dff612aa-f30c-4a1e-9110-01128161bbb4", "created_at": "2025-08-01T16:17:03.08015+02:00", "updated_at": "2025-08-01T16:17:03.08015+02:00"}	2025-08-01 16:17:03.08015+02
\.


--
-- Data for Name: participants; Type: TABLE DATA; Schema: public; Owner: -
--

COPY public.participants (id, event_id, name, phone, notes, created_at, updated_at, staying_full_time) FROM stdin;
035e4e8d-4028-4842-9203-e672c2d27e28	dff612aa-f30c-4a1e-9110-01128161bbb4	Dava Drek	\N	\N	2025-08-01 14:24:04.375669+02	2025-08-01 14:24:04.375669+02	t
c8b252e3-7713-4da5-a828-5c7911e87f25	dff612aa-f30c-4a1e-9110-01128161bbb4	Lída	\N	\N	2025-08-01 14:24:09.379024+02	2025-08-01 14:24:09.379024+02	t
c4f7a252-929c-4de3-9e67-592d9769b98b	dff612aa-f30c-4a1e-9110-01128161bbb4	Schorňa	\N	\N	2025-08-01 14:24:15.704743+02	2025-08-01 14:24:15.704743+02	t
eec1125b-ce89-4045-b5d4-717fca88e6cb	dff612aa-f30c-4a1e-9110-01128161bbb4	Verča	\N	\N	2025-08-01 14:24:23.005459+02	2025-08-01 14:24:23.005459+02	t
7efc2913-b9f5-47e1-8a4b-37bcfe14c142	dff612aa-f30c-4a1e-9110-01128161bbb4	Veči	\N	\N	2025-08-01 14:24:27.684775+02	2025-08-01 14:24:27.684775+02	t
57ffc7d7-0ba6-45e9-aa30-efd881b825cf	dff612aa-f30c-4a1e-9110-01128161bbb4	Saška	\N	\N	2025-08-01 14:24:32.924854+02	2025-08-01 14:24:32.924854+02	t
4e165ab0-322e-4958-a932-5818db883301	dff612aa-f30c-4a1e-9110-01128161bbb4	Aďá	\N	\N	2025-08-01 14:24:46.131625+02	2025-08-01 14:24:46.131625+02	t
be6cad56-e358-4481-ab9c-8b260907c94c	dff612aa-f30c-4a1e-9110-01128161bbb4	Radim	\N	\N	2025-08-01 14:24:50.497184+02	2025-08-01 14:24:50.497184+02	t
75d80fd9-6d28-4b9b-9d6d-bf651110b3eb	dff612aa-f30c-4a1e-9110-01128161bbb4	Šimis	\N	\N	2025-08-01 14:25:07.87415+02	2025-08-01 14:25:07.87415+02	t
caea1269-9905-44b4-8801-fe5373c41e26	dff612aa-f30c-4a1e-9110-01128161bbb4	Ihor	\N	\N	2025-08-01 14:25:12.256622+02	2025-08-01 14:25:12.256622+02	t
43f22c58-5b26-4f9f-a790-ece10a2e7684	dff612aa-f30c-4a1e-9110-01128161bbb4	Staňa	\N	\N	2025-08-01 14:25:17.858106+02	2025-08-01 14:25:17.858106+02	t
77f5b547-68f2-4026-9e5c-74fa0a207c71	dff612aa-f30c-4a1e-9110-01128161bbb4	Simona	\N	\N	2025-08-01 14:25:22.405227+02	2025-08-01 14:25:22.405227+02	t
6041ff2e-2f0d-430c-b7ee-aa4f4477ca42	ba3b46bf-0e6e-45ae-a8c1-d2a1289af355	Aleš	\N	\N	2025-08-01 15:14:04.123286+02	2025-08-01 15:14:04.123286+02	t
b5ed8fb6-ba1d-4ac8-a509-c1ee2d80858f	ba3b46bf-0e6e-45ae-a8c1-d2a1289af355	Karel	\N	27. a 28. budu pracovat 	2025-08-01 15:14:30.536981+02	2025-08-01 15:14:30.536981+02	t
eadd248b-4165-4a0c-b2ee-d0a5a507f0f7	ba3b46bf-0e6e-45ae-a8c1-d2a1289af355	Lenka	\N	přijedu 26.	2025-08-01 15:14:44.760811+02	2025-08-01 15:14:44.760811+02	f
57a7b917-df1b-4f25-ae18-6d62ef08640d	ba3b46bf-0e6e-45ae-a8c1-d2a1289af355	Martina	\N	\N	2025-08-01 15:14:51.305277+02	2025-08-01 15:14:51.305277+02	t
bed7b897-6032-4469-a314-929aefc4a819	ba3b46bf-0e6e-45ae-a8c1-d2a1289af355	Lojza	\N	\N	2025-08-01 15:14:57.484964+02	2025-08-01 15:14:57.484964+02	t
cb2a9171-9aed-42c5-94ef-bd0db0b5258d	ba3b46bf-0e6e-45ae-a8c1-d2a1289af355	Matěj	\N	\N	2025-08-01 15:15:02.293482+02	2025-08-01 15:15:02.293482+02	t
3bb8cb2c-59ce-49dc-bc77-21afefde6026	ba3b46bf-0e6e-45ae-a8c1-d2a1289af355	Denisa	\N	\N	2025-08-01 15:15:06.866691+02	2025-08-01 15:15:06.866691+02	t
\.


--
-- Data for Name: inventory_items; Type: TABLE DATA; Schema: public; Owner: -
--

COPY public.inventory_items (id, event_id, name, description, quantity, assigned_to, notes, created_at, updated_at) FROM stdin;
82fc2f47-fe34-4cc1-a0ea-d49949a0f972	dff612aa-f30c-4a1e-9110-01128161bbb4	mikrofon	\N	1	be6cad56-e358-4481-ab9c-8b260907c94c	Přesunuto z WANTED - postava jak mikrofon	2025-08-01 12:33:57.450857+02	2025-08-01 14:56:05.639904+02
6bde3f06-c57e-4fa3-b971-f522793809a4	dff612aa-f30c-4a1e-9110-01128161bbb4	pivko	50L radegast 10	5	4e165ab0-322e-4958-a932-5818db883301	\N	2025-07-25 10:12:22.967579+02	2025-08-01 14:56:17.931237+02
518f1958-0fcb-4523-aa60-0c2d2b7ecb26	ba3b46bf-0e6e-45ae-a8c1-d2a1289af355	Pípa	\N	1	6041ff2e-2f0d-430c-b7ee-aa4f4477ca42	narážeč bajonet	2025-08-01 15:18:38.802184+02	2025-08-01 15:18:38.802184+02
0e1d602e-ba42-428f-a797-e12607965a23	ba3b46bf-0e6e-45ae-a8c1-d2a1289af355	nafukovací matrace	\N	2	b5ed8fb6-ba1d-4ac8-a509-c1ee2d80858f	matrace 180cm x 90cm	2025-08-01 15:19:14.449689+02	2025-08-01 15:19:14.449689+02
fa7fc88f-64bb-47a3-8fbe-3ebcd465f45b	ba3b46bf-0e6e-45ae-a8c1-d2a1289af355	Kytara	\N	1	b5ed8fb6-ba1d-4ac8-a509-c1ee2d80858f	Přesunuto z WANTED - Umím hrát - beru	2025-08-01 15:32:48.210576+02	2025-08-01 15:32:48.210576+02
\.


--
-- Data for Name: token_pin_mapping; Type: TABLE DATA; Schema: public; Owner: -
--

COPY public.token_pin_mapping (id, public_token, pin, event_id, created_at) FROM stdin;
eae2a203-e1fb-4405-9166-3c2d6b425837	778592586	778592586	dff612aa-f30c-4a1e-9110-01128161bbb4	2025-07-30 17:05:04.053773+02
\.


--
-- Data for Name: transport; Type: TABLE DATA; Schema: public; Owner: -
--

COPY public.transport (id, event_id, type, departure_location, departure_time, arrival_location, capacity, price, notes, created_at, updated_at, intermediate_stops) FROM stdin;
a398955b-a419-4ed1-9211-73820a8afce5	dff612aa-f30c-4a1e-9110-01128161bbb4	Dodávka Drek	Brno	12:00	Chata	9	2000.00	\N	2025-07-24 23:03:57.817337+02	2025-07-25 10:25:18.938418+02	[{"time": "12:45", "notes": "Večerci", "location": "Kroměříž"}, {"time": "13:10", "notes": "Polďové", "location": "Chropyně"}]
9e90bc5e-d774-4595-8dc1-03b2e1532a9c	dff612aa-f30c-4a1e-9110-01128161bbb4	Auto Tesaříci	Olomouc	14:00	Chata	4	800.00	Cena pro dalšího 200	2025-07-25 08:06:24.138441+02	2025-07-25 10:27:31.033816+02	[]
099d749b-c3a7-4067-a498-be77bbb02385	ba3b46bf-0e6e-45ae-a8c1-d2a1289af355	Auto Lojza	Brno	09:20	Chata Harrachov	3	800.00	Beru psa, proto tři místa	2025-08-01 15:16:27.450881+02	2025-08-01 15:16:27.450881+02	[{"time": "11:25", "notes": "Westfield Chodov", "location": "Praha"}]
1708080d-da93-46fc-b170-97b890378332	ba3b46bf-0e6e-45ae-a8c1-d2a1289af355	Minibus Denisa	Kroměříž	08:00	Chata Harrachov	6	1500.00	Spousta místa	2025-08-01 15:17:16.245421+02	2025-08-01 15:17:16.245421+02	[]
\.


--
-- Data for Name: transport_assignments; Type: TABLE DATA; Schema: public; Owner: -
--

COPY public.transport_assignments (id, transport_id, participant_id, created_at) FROM stdin;
9efec148-145f-49c0-9338-f5d22f06a902	1708080d-da93-46fc-b170-97b890378332	3bb8cb2c-59ce-49dc-bc77-21afefde6026	2025-08-01 15:18:02.884783+02
d23f1df4-eccc-4607-bb49-4cc8b2dd07e0	1708080d-da93-46fc-b170-97b890378332	cb2a9171-9aed-42c5-94ef-bd0db0b5258d	2025-08-01 15:18:02.905655+02
ceb2d811-6e7a-4d59-b0e5-43984f95da3a	1708080d-da93-46fc-b170-97b890378332	bed7b897-6032-4469-a314-929aefc4a819	2025-08-01 15:18:03.668635+02
7988b36a-4708-49ed-97ff-458dfeee821c	099d749b-c3a7-4067-a498-be77bbb02385	eadd248b-4165-4a0c-b2ee-d0a5a507f0f7	2025-08-01 15:18:15.673847+02
cd79c36a-f202-4018-937b-1d16202c8baf	099d749b-c3a7-4067-a498-be77bbb02385	57a7b917-df1b-4f25-ae18-6d62ef08640d	2025-08-01 15:18:16.422779+02
4e7789ee-0111-4f82-8581-ae819b2e3de8	099d749b-c3a7-4067-a498-be77bbb02385	b5ed8fb6-ba1d-4ac8-a509-c1ee2d80858f	2025-08-01 15:18:17.703621+02
\.


--
-- Data for Name: wanted_items; Type: TABLE DATA; Schema: public; Owner: -
--

COPY public.wanted_items (id, event_id, name, note, created_at, updated_at) FROM stdin;
bb01539e-e67b-4278-8bb9-d49d2bceb521	ba3b46bf-0e6e-45ae-a8c1-d2a1289af355	Projektor	Harry Potter maraton?	2025-08-01 15:33:06.359121+02	2025-08-01 15:33:24.936807+02
22fe026e-5355-408c-a346-566e2156b5c1	ba3b46bf-0e6e-45ae-a8c1-d2a1289af355	Deskovky	Ideálně Activity nebo Krycí jména	2025-08-01 15:34:04.143654+02	2025-08-01 15:34:04.143654+02
087aee9c-424c-4441-bafd-6bc1237b49fc	dff612aa-f30c-4a1e-9110-01128161bbb4	Nafukovací matrace jako manželská postel navíc?	Pro hosty kdo by přijel na noc, nebo pro lidi navíc přes kapacitu	2025-08-01 16:16:33.411036+02	2025-08-01 16:16:33.411036+02
38ec4adc-5fde-4a08-be7f-8644b80a7f7a	dff612aa-f30c-4a1e-9110-01128161bbb4	Beerpong	\N	2025-08-01 16:17:03.08015+02	2025-08-01 16:17:03.08015+02
\.


--
-- PostgreSQL database dump complete
--

